<?xml version="1.0" encoding ="UTF-8"?><link:linkbase xmlns:xsi="http://www.w3.org/2001/XMLSchema-instance" xsi:schemaLocation="http://www.xbrl.org/2003/linkbase http://www.xbrl.org/2003/xbrl-linkbase-2003-12-31.xsd" xmlns:link="http://www.xbrl.org/2003/linkbase" xmlns:xbrli="http://www.xbrl.org/2003/instance" xmlns:xlink="http://www.w3.org/1999/xlink" xmlns:xbrldt="http://xbrl.org/2005/xbrldt"><link:arcroleRef arcroleURI="http://xbrl.org/int/dim/arcrole/domain-member" xlink:type="simple" xlink:href="http://www.xbrl.org/2005/xbrldt-2005.xsd#domain-member"/><link:arcroleRef arcroleURI="http://xbrl.org/int/dim/arcrole/dimension-default" xlink:type="simple" xlink:href="http://www.xbrl.org/2005/xbrldt-2005.xsd#dimension-default"/><link:arcroleRef arcroleURI="http://xbrl.org/int/dim/arcrole/dimension-domain" xlink:type="simple" xlink:href="http://www.xbrl.org/2005/xbrldt-2005.xsd#dimension-domain"/><link:arcroleRef arcroleURI="http://xbrl.org/int/dim/arcrole/hypercube-dimension" xlink:type="simple" xlink:href="http://www.xbrl.org/2005/xbrldt-2005.xsd#hypercube-dimension"/><link:arcroleRef arcroleURI="http://xbrl.org/int/dim/arcrole/all" xlink:type="simple" xlink:href="http://www.xbrl.org/2005/xbrldt-2005.xsd#all"/><link:arcroleRef arcroleURI="http://www.esma.europa.eu/xbrl/esef/arcrole/wider-narrower" xlink:type="simple" xlink:href="http://www.xbrl.org/lrr/arcrole/esma-arcrole-2018-11-21.xsd#wider-narrower"/><link:roleRef roleURI="http://mouzakis.gr/role/ChangesinEquity" xlink:type="simple" xlink:href="21380021ZMHVZYWRTO10-2022-12-31.xsd#ChangesinEquity"/><link:roleRef roleURI="http://www.esma.europa.eu/xbrl/role/cor/esef_role-999999" xlink:type="simple" xlink:href="http://www.esma.europa.eu/taxonomy/2021-03-24/esef_cor.xsd#esef_role-999999"/><link:roleRef roleURI="http://mouzakis.gr/role/Anchoring" xlink:type="simple" xlink:href="21380021ZMHVZYWRTO10-2022-12-31.xsd#Anchoring"/><link:definitionLink xlink:type="extended" xlink:role="http://mouzakis.gr/role/ChangesinEquity"><link:loc xlink:type="locator" xlink:href="http://xbrl.ifrs.org/taxonomy/2021-03-24/full_ifrs/full_ifrs-cor_2021-03-24.xsd#ifrs-full_StatementOfChangesInEquityAbstract" xlink:label="StatementOfChangesInEquityAbstract" xlink:title="StatementOfChangesInEquityAbstract"/><link:loc xlink:type="locator" xlink:href="http://xbrl.ifrs.org/taxonomy/2021-03-24/full_ifrs/full_ifrs-cor_2021-03-24.xsd#ifrs-full_StatementOfChangesInEquityTable" xlink:label="ifrs-full_StatementOfChangesInEquityTable" xlink:title="ifrs-full_StatementOfChangesInEquityTable"/><link:definitionArc xlink:type="arc" xlink:arcrole="http://xbrl.org/int/dim/arcrole/all" xlink:from="StatementOfChangesInEquityAbstract" xlink:to="ifrs-full_StatementOfChangesInEquityTable" xbrldt:closed="true" xbrldt:contextElement="scenario" order="1.0"/><link:loc xlink:type="locator" xlink:href="http://xbrl.ifrs.org/taxonomy/2021-03-24/full_ifrs/full_ifrs-cor_2021-03-24.xsd#ifrs-full_ComponentsOfEquityAxis" xlink:label="ComponentsOfEquityAxis" xlink:title="ComponentsOfEquityAxis"/><link:definitionArc xlink:type="arc" xlink:arcrole="http://xbrl.org/int/dim/arcrole/hypercube-dimension" xlink:from="ifrs-full_StatementOfChangesInEquityTable" xlink:to="ComponentsOfEquityAxis" xlink:title="Definition: ifrs-full_StatementOfChangesInEquityTable to ComponentsOfEquityAxis" order="1.0"/><link:loc xlink:type="locator" xlink:href="http://xbrl.ifrs.org/taxonomy/2021-03-24/full_ifrs/full_ifrs-cor_2021-03-24.xsd#ifrs-full_EquityMember" xlink:label="EquityMember" xlink:title="EquityMember"/><link:definitionArc xlink:type="arc" xlink:arcrole="http://xbrl.org/int/dim/arcrole/dimension-domain" xlink:from="ComponentsOfEquityAxis" xlink:to="EquityMember" xlink:title="Definition: ComponentsOfEquityAxis to EquityMember" order="1.0"/><link:loc xlink:type="locator" xlink:href="http://xbrl.ifrs.org/taxonomy/2021-03-24/full_ifrs/full_ifrs-cor_2021-03-24.xsd#ifrs-full_EquityAttributableToOwnersOfParentMember" xlink:label="EquityAttributableToOwnersOfParentMember" xlink:title="EquityAttributableToOwnersOfParentMember"/><link:definitionArc xlink:type="arc" xlink:arcrole="http://xbrl.org/int/dim/arcrole/domain-member" xlink:from="EquityMember" xlink:to="EquityAttributableToOwnersOfParentMember" xlink:title="Definition: EquityMember to EquityAttributableToOwnersOfParentMember" order="1.0"/><link:loc xlink:type="locator" xlink:href="http://xbrl.ifrs.org/taxonomy/2021-03-24/full_ifrs/full_ifrs-cor_2021-03-24.xsd#ifrs-full_IssuedCapitalMember" xlink:label="IssuedCapitalMember" xlink:title="IssuedCapitalMember"/><link:definitionArc xlink:type="arc" xlink:arcrole="http://xbrl.org/int/dim/arcrole/domain-member" xlink:from="EquityAttributableToOwnersOfParentMember" xlink:to="IssuedCapitalMember" xlink:title="Definition: EquityAttributableToOwnersOfParentMember to IssuedCapitalMember" order="1.0"/><link:loc xlink:type="locator" xlink:href="http://xbrl.ifrs.org/taxonomy/2021-03-24/full_ifrs/full_ifrs-cor_2021-03-24.xsd#ifrs-full_RevaluationSurplusMember" xlink:label="RevaluationSurplusMember" xlink:title="RevaluationSurplusMember"/><link:definitionArc xlink:type="arc" xlink:arcrole="http://xbrl.org/int/dim/arcrole/domain-member" xlink:from="EquityAttributableToOwnersOfParentMember" xlink:to="RevaluationSurplusMember" xlink:title="Definition: EquityAttributableToOwnersOfParentMember to RevaluationSurplusMember" order="2.0"/><link:loc xlink:type="locator" xlink:href="http://xbrl.ifrs.org/taxonomy/2021-03-24/full_ifrs/full_ifrs-cor_2021-03-24.xsd#ifrs-full_MiscellaneousOtherReservesMember" xlink:label="MiscellaneousOtherReservesMember" xlink:title="MiscellaneousOtherReservesMember"/><link:definitionArc xlink:type="arc" xlink:arcrole="http://xbrl.org/int/dim/arcrole/domain-member" xlink:from="EquityAttributableToOwnersOfParentMember" xlink:to="MiscellaneousOtherReservesMember" xlink:title="Definition: EquityAttributableToOwnersOfParentMember to MiscellaneousOtherReservesMember" order="3.0"/><link:loc xlink:type="locator" xlink:href="http://xbrl.ifrs.org/taxonomy/2021-03-24/full_ifrs/full_ifrs-cor_2021-03-24.xsd#ifrs-full_RetainedEarningsMember" xlink:label="RetainedEarningsMember" xlink:title="RetainedEarningsMember"/><link:definitionArc xlink:type="arc" xlink:arcrole="http://xbrl.org/int/dim/arcrole/domain-member" xlink:from="EquityAttributableToOwnersOfParentMember" xlink:to="RetainedEarningsMember" xlink:title="Definition: EquityAttributableToOwnersOfParentMember to RetainedEarningsMember" order="4.0"/><link:loc xlink:type="locator" xlink:href="http://xbrl.ifrs.org/taxonomy/2021-03-24/full_ifrs/full_ifrs-cor_2021-03-24.xsd#ifrs-full_NoncontrollingInterestsMember" xlink:label="NoncontrollingInterestsMember" xlink:title="NoncontrollingInterestsMember"/><link:definitionArc xlink:type="arc" xlink:arcrole="http://xbrl.org/int/dim/arcrole/domain-member" xlink:from="EquityMember" xlink:to="NoncontrollingInterestsMember" xlink:title="Definition: EquityMember to NoncontrollingInterestsMember" order="2.0"/><link:loc xlink:type="locator" xlink:href="http://xbrl.ifrs.org/taxonomy/2021-03-24/full_ifrs/full_ifrs-cor_2021-03-24.xsd#ifrs-full_StatementOfChangesInEquityLineItems" xlink:label="StatementOfChangesInEquityLineItems" xlink:title="StatementOfChangesInEquityLineItems"/><link:definitionArc xlink:type="arc" xlink:arcrole="http://xbrl.org/int/dim/arcrole/domain-member" xlink:from="StatementOfChangesInEquityAbstract" xlink:to="StatementOfChangesInEquityLineItems" xlink:title="Definition: StatementOfChangesInEquityAbstract to StatementOfChangesInEquityLineItems" order="2.0"/><link:loc xlink:type="locator" xlink:href="http://xbrl.ifrs.org/taxonomy/2021-03-24/full_ifrs/full_ifrs-cor_2021-03-24.xsd#ifrs-full_Equity" xlink:label="Equity" xlink:title="Equity"/><link:definitionArc xlink:type="arc" xlink:arcrole="http://xbrl.org/int/dim/arcrole/domain-member" xlink:from="StatementOfChangesInEquityLineItems" xlink:to="Equity" xlink:title="Definition: StatementOfChangesInEquityLineItems to Equity" order="1.0"/><link:loc xlink:type="locator" xlink:href="http://xbrl.ifrs.org/taxonomy/2021-03-24/full_ifrs/full_ifrs-cor_2021-03-24.xsd#ifrs-full_OtherComprehensiveIncomeNetOfTaxGainsLossesOnRevaluation" xlink:label="OtherComprehensiveIncomeNetOfTaxGainsLossesOnRevaluation" xlink:title="OtherComprehensiveIncomeNetOfTaxGainsLossesOnRevaluation"/><link:definitionArc xlink:type="arc" xlink:arcrole="http://xbrl.org/int/dim/arcrole/domain-member" xlink:from="StatementOfChangesInEquityLineItems" xlink:to="OtherComprehensiveIncomeNetOfTaxGainsLossesOnRevaluation" xlink:title="Definition: StatementOfChangesInEquityLineItems to OtherComprehensiveIncomeNetOfTaxGainsLossesOnRevaluation" order="2.0"/><link:loc xlink:type="locator" xlink:href="http://xbrl.ifrs.org/taxonomy/2021-03-24/full_ifrs/full_ifrs-cor_2021-03-24.xsd#ifrs-full_ComprehensiveIncome" xlink:label="ComprehensiveIncome" xlink:title="ComprehensiveIncome"/><link:definitionArc xlink:type="arc" xlink:arcrole="http://xbrl.org/int/dim/arcrole/domain-member" xlink:from="StatementOfChangesInEquityLineItems" xlink:to="ComprehensiveIncome" xlink:title="Definition: StatementOfChangesInEquityLineItems to ComprehensiveIncome" order="3.0"/><link:loc xlink:type="locator" xlink:href="http://xbrl.ifrs.org/taxonomy/2021-03-24/full_ifrs/full_ifrs-cor_2021-03-24.xsd#ifrs-full_IncreaseDecreaseThroughTransfersAndOtherChangesEquity" xlink:label="IncreaseDecreaseThroughTransfersAndOtherChangesEquity" xlink:title="IncreaseDecreaseThroughTransfersAndOtherChangesEquity"/><link:definitionArc xlink:type="arc" xlink:arcrole="http://xbrl.org/int/dim/arcrole/domain-member" xlink:from="StatementOfChangesInEquityLineItems" xlink:to="IncreaseDecreaseThroughTransfersAndOtherChangesEquity" xlink:title="Definition: StatementOfChangesInEquityLineItems to IncreaseDecreaseThroughTransfersAndOtherChangesEquity" order="4.0"/></link:definitionLink><link:definitionLink xlink:type="extended" xlink:role="http://www.esma.europa.eu/xbrl/role/cor/esef_role-999999"><link:loc xlink:type="locator" xlink:href="http://www.esma.europa.eu/taxonomy/2021-03-24/esef_cor.xsd#esef_cor_LineItemsNotDimensionallyQualifiedPlaceholder" xlink:label="LineItemsNotDimensionallyQualifiedPlaceholder" xlink:title="LineItemsNotDimensionallyQualifiedPlaceholder"/><link:loc xlink:type="locator" xlink:href="http://xbrl.ifrs.org/taxonomy/2021-03-24/full_ifrs/full_ifrs-cor_2021-03-24.xsd#ifrs-full_PropertyPlantAndEquipment" xlink:label="PropertyPlantAndEquipment" xlink:title="PropertyPlantAndEquipment"/><link:definitionArc xlink:type="arc" xlink:arcrole="http://xbrl.org/int/dim/arcrole/domain-member" xlink:from="LineItemsNotDimensionallyQualifiedPlaceholder" xlink:to="PropertyPlantAndEquipment" xlink:title="Definition: LineItemsNotDimensionallyQualifiedPlaceholder to PropertyPlantAndEquipment" order="1.0"/><link:loc xlink:type="locator" xlink:href="http://xbrl.ifrs.org/taxonomy/2021-03-24/full_ifrs/full_ifrs-cor_2021-03-24.xsd#ifrs-full_InvestmentProperty" xlink:label="InvestmentProperty" xlink:title="InvestmentProperty"/><link:definitionArc xlink:type="arc" xlink:arcrole="http://xbrl.org/int/dim/arcrole/domain-member" xlink:from="LineItemsNotDimensionallyQualifiedPlaceholder" xlink:to="InvestmentProperty" xlink:title="Definition: LineItemsNotDimensionallyQualifiedPlaceholder to InvestmentProperty" order="2.0"/><link:loc xlink:type="locator" xlink:href="http://xbrl.ifrs.org/taxonomy/2021-03-24/full_ifrs/full_ifrs-cor_2021-03-24.xsd#ifrs-full_IntangibleAssetsAndGoodwill" xlink:label="IntangibleAssetsAndGoodwill" xlink:title="IntangibleAssetsAndGoodwill"/><link:definitionArc xlink:type="arc" xlink:arcrole="http://xbrl.org/int/dim/arcrole/domain-member" xlink:from="LineItemsNotDimensionallyQualifiedPlaceholder" xlink:to="IntangibleAssetsAndGoodwill" xlink:title="Definition: LineItemsNotDimensionallyQualifiedPlaceholder to IntangibleAssetsAndGoodwill" order="3.0"/><link:loc xlink:type="locator" xlink:href="http://xbrl.ifrs.org/taxonomy/2021-03-24/full_ifrs/full_ifrs-cor_2021-03-24.xsd#ifrs-full_InvestmentsInSubsidiaries" xlink:label="InvestmentsInSubsidiaries" xlink:title="InvestmentsInSubsidiaries"/><link:definitionArc xlink:type="arc" xlink:arcrole="http://xbrl.org/int/dim/arcrole/domain-member" xlink:from="LineItemsNotDimensionallyQualifiedPlaceholder" xlink:to="InvestmentsInSubsidiaries" xlink:title="Definition: LineItemsNotDimensionallyQualifiedPlaceholder to InvestmentsInSubsidiaries" order="4.0"/><link:loc xlink:type="locator" xlink:href="http://xbrl.ifrs.org/taxonomy/2021-03-24/full_ifrs/full_ifrs-cor_2021-03-24.xsd#ifrs-full_OtherNoncurrentReceivables" xlink:label="OtherNoncurrentReceivables" xlink:title="OtherNoncurrentReceivables"/><link:definitionArc xlink:type="arc" xlink:arcrole="http://xbrl.org/int/dim/arcrole/domain-member" xlink:from="LineItemsNotDimensionallyQualifiedPlaceholder" xlink:to="OtherNoncurrentReceivables" xlink:title="Definition: LineItemsNotDimensionallyQualifiedPlaceholder to OtherNoncurrentReceivables" order="5.0"/><link:loc xlink:type="locator" xlink:href="http://xbrl.ifrs.org/taxonomy/2021-03-24/full_ifrs/full_ifrs-cor_2021-03-24.xsd#ifrs-full_NoncurrentAssets" xlink:label="NoncurrentAssets" xlink:title="NoncurrentAssets"/><link:definitionArc xlink:type="arc" xlink:arcrole="http://xbrl.org/int/dim/arcrole/domain-member" xlink:from="LineItemsNotDimensionallyQualifiedPlaceholder" xlink:to="NoncurrentAssets" xlink:title="Definition: LineItemsNotDimensionallyQualifiedPlaceholder to NoncurrentAssets" order="6.0"/><link:loc xlink:type="locator" xlink:href="http://xbrl.ifrs.org/taxonomy/2021-03-24/full_ifrs/full_ifrs-cor_2021-03-24.xsd#ifrs-full_Inventories" xlink:label="Inventories" xlink:title="Inventories"/><link:definitionArc xlink:type="arc" xlink:arcrole="http://xbrl.org/int/dim/arcrole/domain-member" xlink:from="LineItemsNotDimensionallyQualifiedPlaceholder" xlink:to="Inventories" xlink:title="Definition: LineItemsNotDimensionallyQualifiedPlaceholder to Inventories" order="7.0"/><link:loc xlink:type="locator" xlink:href="http://xbrl.ifrs.org/taxonomy/2021-03-24/full_ifrs/full_ifrs-cor_2021-03-24.xsd#ifrs-full_CurrentTradeReceivables" xlink:label="CurrentTradeReceivables" xlink:title="CurrentTradeReceivables"/><link:definitionArc xlink:type="arc" xlink:arcrole="http://xbrl.org/int/dim/arcrole/domain-member" xlink:from="LineItemsNotDimensionallyQualifiedPlaceholder" xlink:to="CurrentTradeReceivables" xlink:title="Definition: LineItemsNotDimensionallyQualifiedPlaceholder to CurrentTradeReceivables" order="8.0"/><link:loc xlink:type="locator" xlink:href="http://xbrl.ifrs.org/taxonomy/2021-03-24/full_ifrs/full_ifrs-cor_2021-03-24.xsd#ifrs-full_OtherCurrentReceivables" xlink:label="OtherCurrentReceivables" xlink:title="OtherCurrentReceivables"/><link:definitionArc xlink:type="arc" xlink:arcrole="http://xbrl.org/int/dim/arcrole/domain-member" xlink:from="LineItemsNotDimensionallyQualifiedPlaceholder" xlink:to="OtherCurrentReceivables" xlink:title="Definition: LineItemsNotDimensionallyQualifiedPlaceholder to OtherCurrentReceivables" order="9.0"/><link:loc xlink:type="locator" xlink:href="http://xbrl.ifrs.org/taxonomy/2021-03-24/full_ifrs/full_ifrs-cor_2021-03-24.xsd#ifrs-full_CashAndCashEquivalents" xlink:label="CashAndCashEquivalents" xlink:title="CashAndCashEquivalents"/><link:definitionArc xlink:type="arc" xlink:arcrole="http://xbrl.org/int/dim/arcrole/domain-member" xlink:from="LineItemsNotDimensionallyQualifiedPlaceholder" xlink:to="CashAndCashEquivalents" xlink:title="Definition: LineItemsNotDimensionallyQualifiedPlaceholder to CashAndCashEquivalents" order="10.0"/><link:loc xlink:type="locator" xlink:href="http://xbrl.ifrs.org/taxonomy/2021-03-24/full_ifrs/full_ifrs-cor_2021-03-24.xsd#ifrs-full_CurrentAssets" xlink:label="CurrentAssets" xlink:title="CurrentAssets"/><link:definitionArc xlink:type="arc" xlink:arcrole="http://xbrl.org/int/dim/arcrole/domain-member" xlink:from="LineItemsNotDimensionallyQualifiedPlaceholder" xlink:to="CurrentAssets" xlink:title="Definition: LineItemsNotDimensionallyQualifiedPlaceholder to CurrentAssets" order="11.0"/><link:loc xlink:type="locator" xlink:href="http://xbrl.ifrs.org/taxonomy/2021-03-24/full_ifrs/full_ifrs-cor_2021-03-24.xsd#ifrs-full_Assets" xlink:label="Assets" xlink:title="Assets"/><link:definitionArc xlink:type="arc" xlink:arcrole="http://xbrl.org/int/dim/arcrole/domain-member" xlink:from="LineItemsNotDimensionallyQualifiedPlaceholder" xlink:to="Assets" xlink:title="Definition: LineItemsNotDimensionallyQualifiedPlaceholder to Assets" order="12.0"/><link:loc xlink:type="locator" xlink:href="http://xbrl.ifrs.org/taxonomy/2021-03-24/full_ifrs/full_ifrs-cor_2021-03-24.xsd#ifrs-full_IssuedCapital" xlink:label="IssuedCapital" xlink:title="IssuedCapital"/><link:definitionArc xlink:type="arc" xlink:arcrole="http://xbrl.org/int/dim/arcrole/domain-member" xlink:from="LineItemsNotDimensionallyQualifiedPlaceholder" xlink:to="IssuedCapital" xlink:title="Definition: LineItemsNotDimensionallyQualifiedPlaceholder to IssuedCapital" order="13.0"/><link:loc xlink:type="locator" xlink:href="http://xbrl.ifrs.org/taxonomy/2021-03-24/full_ifrs/full_ifrs-cor_2021-03-24.xsd#ifrs-full_RevaluationSurplus" xlink:label="RevaluationSurplus" xlink:title="RevaluationSurplus"/><link:definitionArc xlink:type="arc" xlink:arcrole="http://xbrl.org/int/dim/arcrole/domain-member" xlink:from="LineItemsNotDimensionallyQualifiedPlaceholder" xlink:to="RevaluationSurplus" xlink:title="Definition: LineItemsNotDimensionallyQualifiedPlaceholder to RevaluationSurplus" order="14.0"/><link:loc xlink:type="locator" xlink:href="21380021ZMHVZYWRTO10-2022-12-31.xsd#ΜΖΚ_MiscellaneousOtherReserves" xlink:label="MiscellaneousOtherReserves" xlink:title="MiscellaneousOtherReserves"/><link:definitionArc xlink:type="arc" xlink:arcrole="http://xbrl.org/int/dim/arcrole/domain-member" xlink:from="LineItemsNotDimensionallyQualifiedPlaceholder" xlink:to="MiscellaneousOtherReserves" xlink:title="Definition: LineItemsNotDimensionallyQualifiedPlaceholder to MiscellaneousOtherReserves" order="15.0"/><link:loc xlink:type="locator" xlink:href="http://xbrl.ifrs.org/taxonomy/2021-03-24/full_ifrs/full_ifrs-cor_2021-03-24.xsd#ifrs-full_RetainedEarnings" xlink:label="RetainedEarnings" xlink:title="RetainedEarnings"/><link:definitionArc xlink:type="arc" xlink:arcrole="http://xbrl.org/int/dim/arcrole/domain-member" xlink:from="LineItemsNotDimensionallyQualifiedPlaceholder" xlink:to="RetainedEarnings" xlink:title="Definition: LineItemsNotDimensionallyQualifiedPlaceholder to RetainedEarnings" order="16.0"/><link:loc xlink:type="locator" xlink:href="http://xbrl.ifrs.org/taxonomy/2021-03-24/full_ifrs/full_ifrs-cor_2021-03-24.xsd#ifrs-full_EquityAttributableToOwnersOfParent" xlink:label="EquityAttributableToOwnersOfParent" xlink:title="EquityAttributableToOwnersOfParent"/><link:definitionArc xlink:type="arc" xlink:arcrole="http://xbrl.org/int/dim/arcrole/domain-member" xlink:from="LineItemsNotDimensionallyQualifiedPlaceholder" xlink:to="EquityAttributableToOwnersOfParent" xlink:title="Definition: LineItemsNotDimensionallyQualifiedPlaceholder to EquityAttributableToOwnersOfParent" order="17.0"/><link:loc xlink:type="locator" xlink:href="http://xbrl.ifrs.org/taxonomy/2021-03-24/full_ifrs/full_ifrs-cor_2021-03-24.xsd#ifrs-full_NoncontrollingInterests" xlink:label="NoncontrollingInterests" xlink:title="NoncontrollingInterests"/><link:definitionArc xlink:type="arc" xlink:arcrole="http://xbrl.org/int/dim/arcrole/domain-member" xlink:from="LineItemsNotDimensionallyQualifiedPlaceholder" xlink:to="NoncontrollingInterests" xlink:title="Definition: LineItemsNotDimensionallyQualifiedPlaceholder to NoncontrollingInterests" order="18.0"/><link:loc xlink:type="locator" xlink:href="http://xbrl.ifrs.org/taxonomy/2021-03-24/full_ifrs/full_ifrs-cor_2021-03-24.xsd#ifrs-full_NoncurrentProvisionsForEmployeeBenefits" xlink:label="NoncurrentProvisionsForEmployeeBenefits" xlink:title="NoncurrentProvisionsForEmployeeBenefits"/><link:definitionArc xlink:type="arc" xlink:arcrole="http://xbrl.org/int/dim/arcrole/domain-member" xlink:from="LineItemsNotDimensionallyQualifiedPlaceholder" xlink:to="NoncurrentProvisionsForEmployeeBenefits" xlink:title="Definition: LineItemsNotDimensionallyQualifiedPlaceholder to NoncurrentProvisionsForEmployeeBenefits" order="19.0"/><link:loc xlink:type="locator" xlink:href="http://xbrl.ifrs.org/taxonomy/2021-03-24/full_ifrs/full_ifrs-cor_2021-03-24.xsd#ifrs-full_OtherLongtermProvisions" xlink:label="OtherLongtermProvisions" xlink:title="OtherLongtermProvisions"/><link:definitionArc xlink:type="arc" xlink:arcrole="http://xbrl.org/int/dim/arcrole/domain-member" xlink:from="LineItemsNotDimensionallyQualifiedPlaceholder" xlink:to="OtherLongtermProvisions" xlink:title="Definition: LineItemsNotDimensionallyQualifiedPlaceholder to OtherLongtermProvisions" order="20.0"/><link:loc xlink:type="locator" xlink:href="http://xbrl.ifrs.org/taxonomy/2021-03-24/full_ifrs/full_ifrs-cor_2021-03-24.xsd#ifrs-full_DeferredTaxLiabilities" xlink:label="DeferredTaxLiabilities" xlink:title="DeferredTaxLiabilities"/><link:definitionArc xlink:type="arc" xlink:arcrole="http://xbrl.org/int/dim/arcrole/domain-member" xlink:from="LineItemsNotDimensionallyQualifiedPlaceholder" xlink:to="DeferredTaxLiabilities" xlink:title="Definition: LineItemsNotDimensionallyQualifiedPlaceholder to DeferredTaxLiabilities" order="21.0"/><link:loc xlink:type="locator" xlink:href="http://xbrl.ifrs.org/taxonomy/2021-03-24/full_ifrs/full_ifrs-cor_2021-03-24.xsd#ifrs-full_OtherNoncurrentLiabilities" xlink:label="OtherNoncurrentLiabilities" xlink:title="OtherNoncurrentLiabilities"/><link:definitionArc xlink:type="arc" xlink:arcrole="http://xbrl.org/int/dim/arcrole/domain-member" xlink:from="LineItemsNotDimensionallyQualifiedPlaceholder" xlink:to="OtherNoncurrentLiabilities" xlink:title="Definition: LineItemsNotDimensionallyQualifiedPlaceholder to OtherNoncurrentLiabilities" order="22.0"/><link:loc xlink:type="locator" xlink:href="http://xbrl.ifrs.org/taxonomy/2021-03-24/full_ifrs/full_ifrs-cor_2021-03-24.xsd#ifrs-full_NoncurrentLiabilities" xlink:label="NoncurrentLiabilities" xlink:title="NoncurrentLiabilities"/><link:definitionArc xlink:type="arc" xlink:arcrole="http://xbrl.org/int/dim/arcrole/domain-member" xlink:from="LineItemsNotDimensionallyQualifiedPlaceholder" xlink:to="NoncurrentLiabilities" xlink:title="Definition: LineItemsNotDimensionallyQualifiedPlaceholder to NoncurrentLiabilities" order="23.0"/><link:loc xlink:type="locator" xlink:href="http://xbrl.ifrs.org/taxonomy/2021-03-24/full_ifrs/full_ifrs-cor_2021-03-24.xsd#ifrs-full_TradeAndOtherCurrentPayables" xlink:label="TradeAndOtherCurrentPayables" xlink:title="TradeAndOtherCurrentPayables"/><link:definitionArc xlink:type="arc" xlink:arcrole="http://xbrl.org/int/dim/arcrole/domain-member" xlink:from="LineItemsNotDimensionallyQualifiedPlaceholder" xlink:to="TradeAndOtherCurrentPayables" xlink:title="Definition: LineItemsNotDimensionallyQualifiedPlaceholder to TradeAndOtherCurrentPayables" order="24.0"/><link:loc xlink:type="locator" xlink:href="http://xbrl.ifrs.org/taxonomy/2021-03-24/full_ifrs/full_ifrs-cor_2021-03-24.xsd#ifrs-full_CurrentTaxLiabilitiesCurrent" xlink:label="CurrentTaxLiabilitiesCurrent" xlink:title="CurrentTaxLiabilitiesCurrent"/><link:definitionArc xlink:type="arc" xlink:arcrole="http://xbrl.org/int/dim/arcrole/domain-member" xlink:from="LineItemsNotDimensionallyQualifiedPlaceholder" xlink:to="CurrentTaxLiabilitiesCurrent" xlink:title="Definition: LineItemsNotDimensionallyQualifiedPlaceholder to CurrentTaxLiabilitiesCurrent" order="25.0"/><link:loc xlink:type="locator" xlink:href="http://xbrl.ifrs.org/taxonomy/2021-03-24/full_ifrs/full_ifrs-cor_2021-03-24.xsd#ifrs-full_OtherCurrentLiabilities" xlink:label="OtherCurrentLiabilities" xlink:title="OtherCurrentLiabilities"/><link:definitionArc xlink:type="arc" xlink:arcrole="http://xbrl.org/int/dim/arcrole/domain-member" xlink:from="LineItemsNotDimensionallyQualifiedPlaceholder" xlink:to="OtherCurrentLiabilities" xlink:title="Definition: LineItemsNotDimensionallyQualifiedPlaceholder to OtherCurrentLiabilities" order="26.0"/><link:loc xlink:type="locator" xlink:href="http://xbrl.ifrs.org/taxonomy/2021-03-24/full_ifrs/full_ifrs-cor_2021-03-24.xsd#ifrs-full_CurrentLiabilities" xlink:label="CurrentLiabilities" xlink:title="CurrentLiabilities"/><link:definitionArc xlink:type="arc" xlink:arcrole="http://xbrl.org/int/dim/arcrole/domain-member" xlink:from="LineItemsNotDimensionallyQualifiedPlaceholder" xlink:to="CurrentLiabilities" xlink:title="Definition: LineItemsNotDimensionallyQualifiedPlaceholder to CurrentLiabilities" order="27.0"/><link:loc xlink:type="locator" xlink:href="http://xbrl.ifrs.org/taxonomy/2021-03-24/full_ifrs/full_ifrs-cor_2021-03-24.xsd#ifrs-full_Liabilities" xlink:label="Liabilities" xlink:title="Liabilities"/><link:definitionArc xlink:type="arc" xlink:arcrole="http://xbrl.org/int/dim/arcrole/domain-member" xlink:from="LineItemsNotDimensionallyQualifiedPlaceholder" xlink:to="Liabilities" xlink:title="Definition: LineItemsNotDimensionallyQualifiedPlaceholder to Liabilities" order="28.0"/><link:loc xlink:type="locator" xlink:href="http://xbrl.ifrs.org/taxonomy/2021-03-24/full_ifrs/full_ifrs-cor_2021-03-24.xsd#ifrs-full_EquityAndLiabilities" xlink:label="EquityAndLiabilities" xlink:title="EquityAndLiabilities"/><link:definitionArc xlink:type="arc" xlink:arcrole="http://xbrl.org/int/dim/arcrole/domain-member" xlink:from="LineItemsNotDimensionallyQualifiedPlaceholder" xlink:to="EquityAndLiabilities" xlink:title="Definition: LineItemsNotDimensionallyQualifiedPlaceholder to EquityAndLiabilities" order="29.0"/><link:loc xlink:type="locator" xlink:href="http://xbrl.ifrs.org/taxonomy/2021-03-24/full_ifrs/full_ifrs-cor_2021-03-24.xsd#ifrs-full_Revenue" xlink:label="Revenue" xlink:title="Revenue"/><link:definitionArc xlink:type="arc" xlink:arcrole="http://xbrl.org/int/dim/arcrole/domain-member" xlink:from="LineItemsNotDimensionallyQualifiedPlaceholder" xlink:to="Revenue" xlink:title="Definition: LineItemsNotDimensionallyQualifiedPlaceholder to Revenue" order="30.0"/><link:loc xlink:type="locator" xlink:href="http://xbrl.ifrs.org/taxonomy/2021-03-24/full_ifrs/full_ifrs-cor_2021-03-24.xsd#ifrs-full_CostOfSales" xlink:label="CostOfSales" xlink:title="CostOfSales"/><link:definitionArc xlink:type="arc" xlink:arcrole="http://xbrl.org/int/dim/arcrole/domain-member" xlink:from="LineItemsNotDimensionallyQualifiedPlaceholder" xlink:to="CostOfSales" xlink:title="Definition: LineItemsNotDimensionallyQualifiedPlaceholder to CostOfSales" order="31.0"/><link:loc xlink:type="locator" xlink:href="http://xbrl.ifrs.org/taxonomy/2021-03-24/full_ifrs/full_ifrs-cor_2021-03-24.xsd#ifrs-full_GrossProfit" xlink:label="GrossProfit" xlink:title="GrossProfit"/><link:definitionArc xlink:type="arc" xlink:arcrole="http://xbrl.org/int/dim/arcrole/domain-member" xlink:from="LineItemsNotDimensionallyQualifiedPlaceholder" xlink:to="GrossProfit" xlink:title="Definition: LineItemsNotDimensionallyQualifiedPlaceholder to GrossProfit" order="32.0"/><link:loc xlink:type="locator" xlink:href="http://xbrl.ifrs.org/taxonomy/2021-03-24/full_ifrs/full_ifrs-cor_2021-03-24.xsd#ifrs-full_OtherIncome" xlink:label="OtherIncome" xlink:title="OtherIncome"/><link:definitionArc xlink:type="arc" xlink:arcrole="http://xbrl.org/int/dim/arcrole/domain-member" xlink:from="LineItemsNotDimensionallyQualifiedPlaceholder" xlink:to="OtherIncome" xlink:title="Definition: LineItemsNotDimensionallyQualifiedPlaceholder to OtherIncome" order="33.0"/><link:loc xlink:type="locator" xlink:href="http://xbrl.ifrs.org/taxonomy/2021-03-24/full_ifrs/full_ifrs-cor_2021-03-24.xsd#ifrs-full_AdministrativeExpense" xlink:label="AdministrativeExpense" xlink:title="AdministrativeExpense"/><link:definitionArc xlink:type="arc" xlink:arcrole="http://xbrl.org/int/dim/arcrole/domain-member" xlink:from="LineItemsNotDimensionallyQualifiedPlaceholder" xlink:to="AdministrativeExpense" xlink:title="Definition: LineItemsNotDimensionallyQualifiedPlaceholder to AdministrativeExpense" order="34.0"/><link:loc xlink:type="locator" xlink:href="21380021ZMHVZYWRTO10-2022-12-31.xsd#ΜΖΚ_SellingExpenseAndDistributionCosts" xlink:label="SellingExpenseAndDistributionCosts" xlink:title="SellingExpenseAndDistributionCosts"/><link:definitionArc xlink:type="arc" xlink:arcrole="http://xbrl.org/int/dim/arcrole/domain-member" xlink:from="LineItemsNotDimensionallyQualifiedPlaceholder" xlink:to="SellingExpenseAndDistributionCosts" xlink:title="Definition: LineItemsNotDimensionallyQualifiedPlaceholder to SellingExpenseAndDistributionCosts" order="35.0"/><link:loc xlink:type="locator" xlink:href="http://xbrl.ifrs.org/taxonomy/2021-03-24/full_ifrs/full_ifrs-cor_2021-03-24.xsd#ifrs-full_OtherExpenseByFunction" xlink:label="OtherExpenseByFunction" xlink:title="OtherExpenseByFunction"/><link:definitionArc xlink:type="arc" xlink:arcrole="http://xbrl.org/int/dim/arcrole/domain-member" xlink:from="LineItemsNotDimensionallyQualifiedPlaceholder" xlink:to="OtherExpenseByFunction" xlink:title="Definition: LineItemsNotDimensionallyQualifiedPlaceholder to OtherExpenseByFunction" order="36.0"/><link:loc xlink:type="locator" xlink:href="http://xbrl.ifrs.org/taxonomy/2021-03-24/full_ifrs/full_ifrs-cor_2021-03-24.xsd#ifrs-full_ProfitLossFromOperatingActivities" xlink:label="ProfitLossFromOperatingActivities" xlink:title="ProfitLossFromOperatingActivities"/><link:definitionArc xlink:type="arc" xlink:arcrole="http://xbrl.org/int/dim/arcrole/domain-member" xlink:from="LineItemsNotDimensionallyQualifiedPlaceholder" xlink:to="ProfitLossFromOperatingActivities" xlink:title="Definition: LineItemsNotDimensionallyQualifiedPlaceholder to ProfitLossFromOperatingActivities" order="37.0"/><link:loc xlink:type="locator" xlink:href="http://xbrl.ifrs.org/taxonomy/2021-03-24/full_ifrs/full_ifrs-cor_2021-03-24.xsd#ifrs-full_FinanceIncome" xlink:label="FinanceIncome" xlink:title="FinanceIncome"/><link:definitionArc xlink:type="arc" xlink:arcrole="http://xbrl.org/int/dim/arcrole/domain-member" xlink:from="LineItemsNotDimensionallyQualifiedPlaceholder" xlink:to="FinanceIncome" xlink:title="Definition: LineItemsNotDimensionallyQualifiedPlaceholder to FinanceIncome" order="38.0"/><link:loc xlink:type="locator" xlink:href="http://xbrl.ifrs.org/taxonomy/2021-03-24/full_ifrs/full_ifrs-cor_2021-03-24.xsd#ifrs-full_FinanceCosts" xlink:label="FinanceCosts" xlink:title="FinanceCosts"/><link:definitionArc xlink:type="arc" xlink:arcrole="http://xbrl.org/int/dim/arcrole/domain-member" xlink:from="LineItemsNotDimensionallyQualifiedPlaceholder" xlink:to="FinanceCosts" xlink:title="Definition: LineItemsNotDimensionallyQualifiedPlaceholder to FinanceCosts" order="39.0"/><link:loc xlink:type="locator" xlink:href="http://xbrl.ifrs.org/taxonomy/2021-03-24/full_ifrs/full_ifrs-cor_2021-03-24.xsd#ifrs-full_ProfitLossBeforeTax" xlink:label="ProfitLossBeforeTax" xlink:title="ProfitLossBeforeTax"/><link:definitionArc xlink:type="arc" xlink:arcrole="http://xbrl.org/int/dim/arcrole/domain-member" xlink:from="LineItemsNotDimensionallyQualifiedPlaceholder" xlink:to="ProfitLossBeforeTax" xlink:title="Definition: LineItemsNotDimensionallyQualifiedPlaceholder to ProfitLossBeforeTax" order="40.0"/><link:loc xlink:type="locator" xlink:href="http://xbrl.ifrs.org/taxonomy/2021-03-24/full_ifrs/full_ifrs-cor_2021-03-24.xsd#ifrs-full_IncomeTaxExpenseContinuingOperations" xlink:label="IncomeTaxExpenseContinuingOperations" xlink:title="IncomeTaxExpenseContinuingOperations"/><link:definitionArc xlink:type="arc" xlink:arcrole="http://xbrl.org/int/dim/arcrole/domain-member" xlink:from="LineItemsNotDimensionallyQualifiedPlaceholder" xlink:to="IncomeTaxExpenseContinuingOperations" xlink:title="Definition: LineItemsNotDimensionallyQualifiedPlaceholder to IncomeTaxExpenseContinuingOperations" order="41.0"/><link:loc xlink:type="locator" xlink:href="http://xbrl.ifrs.org/taxonomy/2021-03-24/full_ifrs/full_ifrs-cor_2021-03-24.xsd#ifrs-full_ProfitLoss" xlink:label="ProfitLoss" xlink:title="ProfitLoss"/><link:definitionArc xlink:type="arc" xlink:arcrole="http://xbrl.org/int/dim/arcrole/domain-member" xlink:from="LineItemsNotDimensionallyQualifiedPlaceholder" xlink:to="ProfitLoss" xlink:title="Definition: LineItemsNotDimensionallyQualifiedPlaceholder to ProfitLoss" order="42.0"/><link:loc xlink:type="locator" xlink:href="http://xbrl.ifrs.org/taxonomy/2021-03-24/full_ifrs/full_ifrs-cor_2021-03-24.xsd#ifrs-full_OtherComprehensiveIncomeBeforeTaxGainsLossesOnRemeasurementsOfDefinedBenefitPlans" xlink:label="OtherComprehensiveIncomeBeforeTaxGainsLossesOnRemeasurementsOfDefinedBenefitPlans" xlink:title="OtherComprehensiveIncomeBeforeTaxGainsLossesOnRemeasurementsOfDefinedBenefitPlans"/><link:definitionArc xlink:type="arc" xlink:arcrole="http://xbrl.org/int/dim/arcrole/domain-member" xlink:from="LineItemsNotDimensionallyQualifiedPlaceholder" xlink:to="OtherComprehensiveIncomeBeforeTaxGainsLossesOnRemeasurementsOfDefinedBenefitPlans" xlink:title="Definition: LineItemsNotDimensionallyQualifiedPlaceholder to OtherComprehensiveIncomeBeforeTaxGainsLossesOnRemeasurementsOfDefinedBenefitPlans" order="43.0"/><link:loc xlink:type="locator" xlink:href="http://xbrl.ifrs.org/taxonomy/2021-03-24/full_ifrs/full_ifrs-cor_2021-03-24.xsd#ifrs-full_IncomeTaxRelatingToRemeasurementsOfDefinedBenefitPlansOfOtherComprehensiveIncome" xlink:label="IncomeTaxRelatingToRemeasurementsOfDefinedBenefitPlansOfOtherComprehensiveIncome" xlink:title="IncomeTaxRelatingToRemeasurementsOfDefinedBenefitPlansOfOtherComprehensiveIncome"/><link:definitionArc xlink:type="arc" xlink:arcrole="http://xbrl.org/int/dim/arcrole/domain-member" xlink:from="LineItemsNotDimensionallyQualifiedPlaceholder" xlink:to="IncomeTaxRelatingToRemeasurementsOfDefinedBenefitPlansOfOtherComprehensiveIncome" xlink:title="Definition: LineItemsNotDimensionallyQualifiedPlaceholder to IncomeTaxRelatingToRemeasurementsOfDefinedBenefitPlansOfOtherComprehensiveIncome" order="44.0"/><link:loc xlink:type="locator" xlink:href="http://xbrl.ifrs.org/taxonomy/2021-03-24/full_ifrs/full_ifrs-cor_2021-03-24.xsd#ifrs-full_OtherComprehensiveIncome" xlink:label="OtherComprehensiveIncome" xlink:title="OtherComprehensiveIncome"/><link:definitionArc xlink:type="arc" xlink:arcrole="http://xbrl.org/int/dim/arcrole/domain-member" xlink:from="LineItemsNotDimensionallyQualifiedPlaceholder" xlink:to="OtherComprehensiveIncome" xlink:title="Definition: LineItemsNotDimensionallyQualifiedPlaceholder to OtherComprehensiveIncome" order="45.0"/><link:loc xlink:type="locator" xlink:href="http://xbrl.ifrs.org/taxonomy/2021-03-24/full_ifrs/full_ifrs-cor_2021-03-24.xsd#ifrs-full_ProfitLossAttributableToOwnersOfParent" xlink:label="ProfitLossAttributableToOwnersOfParent" xlink:title="ProfitLossAttributableToOwnersOfParent"/><link:definitionArc xlink:type="arc" xlink:arcrole="http://xbrl.org/int/dim/arcrole/domain-member" xlink:from="LineItemsNotDimensionallyQualifiedPlaceholder" xlink:to="ProfitLossAttributableToOwnersOfParent" xlink:title="Definition: LineItemsNotDimensionallyQualifiedPlaceholder to ProfitLossAttributableToOwnersOfParent" order="46.0"/><link:loc xlink:type="locator" xlink:href="http://xbrl.ifrs.org/taxonomy/2021-03-24/full_ifrs/full_ifrs-cor_2021-03-24.xsd#ifrs-full_ProfitLossAttributableToNoncontrollingInterests" xlink:label="ProfitLossAttributableToNoncontrollingInterests" xlink:title="ProfitLossAttributableToNoncontrollingInterests"/><link:definitionArc xlink:type="arc" xlink:arcrole="http://xbrl.org/int/dim/arcrole/domain-member" xlink:from="LineItemsNotDimensionallyQualifiedPlaceholder" xlink:to="ProfitLossAttributableToNoncontrollingInterests" xlink:title="Definition: LineItemsNotDimensionallyQualifiedPlaceholder to ProfitLossAttributableToNoncontrollingInterests" order="47.0"/><link:loc xlink:type="locator" xlink:href="http://xbrl.ifrs.org/taxonomy/2021-03-24/full_ifrs/full_ifrs-cor_2021-03-24.xsd#ifrs-full_ComprehensiveIncomeAttributableToOwnersOfParent" xlink:label="ComprehensiveIncomeAttributableToOwnersOfParent" xlink:title="ComprehensiveIncomeAttributableToOwnersOfParent"/><link:definitionArc xlink:type="arc" xlink:arcrole="http://xbrl.org/int/dim/arcrole/domain-member" xlink:from="LineItemsNotDimensionallyQualifiedPlaceholder" xlink:to="ComprehensiveIncomeAttributableToOwnersOfParent" xlink:title="Definition: LineItemsNotDimensionallyQualifiedPlaceholder to ComprehensiveIncomeAttributableToOwnersOfParent" order="48.0"/><link:loc xlink:type="locator" xlink:href="http://xbrl.ifrs.org/taxonomy/2021-03-24/full_ifrs/full_ifrs-cor_2021-03-24.xsd#ifrs-full_ComprehensiveIncomeAttributableToNoncontrollingInterests" xlink:label="ComprehensiveIncomeAttributableToNoncontrollingInterests" xlink:title="ComprehensiveIncomeAttributableToNoncontrollingInterests"/><link:definitionArc xlink:type="arc" xlink:arcrole="http://xbrl.org/int/dim/arcrole/domain-member" xlink:from="LineItemsNotDimensionallyQualifiedPlaceholder" xlink:to="ComprehensiveIncomeAttributableToNoncontrollingInterests" xlink:title="Definition: LineItemsNotDimensionallyQualifiedPlaceholder to ComprehensiveIncomeAttributableToNoncontrollingInterests" order="49.0"/><link:loc xlink:type="locator" xlink:href="http://xbrl.ifrs.org/taxonomy/2021-03-24/full_ifrs/full_ifrs-cor_2021-03-24.xsd#ifrs-full_BasicEarningsLossPerShare" xlink:label="BasicEarningsLossPerShare" xlink:title="BasicEarningsLossPerShare"/><link:definitionArc xlink:type="arc" xlink:arcrole="http://xbrl.org/int/dim/arcrole/domain-member" xlink:from="LineItemsNotDimensionallyQualifiedPlaceholder" xlink:to="BasicEarningsLossPerShare" xlink:title="Definition: LineItemsNotDimensionallyQualifiedPlaceholder to BasicEarningsLossPerShare" order="50.0"/><link:loc xlink:type="locator" xlink:href="21380021ZMHVZYWRTO10-2022-12-31.xsd#ΜΖΚ_ProfitLossFromOperatingActivitiesBeforeInterestTaxesDepreciationAndAmortisationExpense" xlink:label="ProfitLossFromOperatingActivitiesBeforeInterestTaxesDepreciationAndAmortisationExpense" xlink:title="ProfitLossFromOperatingActivitiesBeforeInterestTaxesDepreciationAndAmortisationExpense"/><link:definitionArc xlink:type="arc" xlink:arcrole="http://xbrl.org/int/dim/arcrole/domain-member" xlink:from="LineItemsNotDimensionallyQualifiedPlaceholder" xlink:to="ProfitLossFromOperatingActivitiesBeforeInterestTaxesDepreciationAndAmortisationExpense" xlink:title="Definition: LineItemsNotDimensionallyQualifiedPlaceholder to ProfitLossFromOperatingActivitiesBeforeInterestTaxesDepreciationAndAmortisationExpense" order="51.0"/><link:loc xlink:type="locator" xlink:href="http://xbrl.ifrs.org/taxonomy/2021-03-24/full_ifrs/full_ifrs-cor_2021-03-24.xsd#ifrs-full_AdjustmentsForDepreciationAndAmortisationExpense" xlink:label="AdjustmentsForDepreciationAndAmortisationExpense" xlink:title="AdjustmentsForDepreciationAndAmortisationExpense"/><link:definitionArc xlink:type="arc" xlink:arcrole="http://xbrl.org/int/dim/arcrole/domain-member" xlink:from="LineItemsNotDimensionallyQualifiedPlaceholder" xlink:to="AdjustmentsForDepreciationAndAmortisationExpense" xlink:title="Definition: LineItemsNotDimensionallyQualifiedPlaceholder to AdjustmentsForDepreciationAndAmortisationExpense" order="52.0"/><link:loc xlink:type="locator" xlink:href="http://xbrl.ifrs.org/taxonomy/2021-03-24/full_ifrs/full_ifrs-cor_2021-03-24.xsd#ifrs-full_AdjustmentsForProvisions" xlink:label="AdjustmentsForProvisions" xlink:title="AdjustmentsForProvisions"/><link:definitionArc xlink:type="arc" xlink:arcrole="http://xbrl.org/int/dim/arcrole/domain-member" xlink:from="LineItemsNotDimensionallyQualifiedPlaceholder" xlink:to="AdjustmentsForProvisions" xlink:title="Definition: LineItemsNotDimensionallyQualifiedPlaceholder to AdjustmentsForProvisions" order="53.0"/><link:loc xlink:type="locator" xlink:href="http://xbrl.ifrs.org/taxonomy/2021-03-24/full_ifrs/full_ifrs-cor_2021-03-24.xsd#ifrs-full_AdjustmentsForUnrealisedForeignExchangeLossesGains" xlink:label="AdjustmentsForUnrealisedForeignExchangeLossesGains" xlink:title="AdjustmentsForUnrealisedForeignExchangeLossesGains"/><link:definitionArc xlink:type="arc" xlink:arcrole="http://xbrl.org/int/dim/arcrole/domain-member" xlink:from="LineItemsNotDimensionallyQualifiedPlaceholder" xlink:to="AdjustmentsForUnrealisedForeignExchangeLossesGains" xlink:title="Definition: LineItemsNotDimensionallyQualifiedPlaceholder to AdjustmentsForUnrealisedForeignExchangeLossesGains" order="54.0"/><link:loc xlink:type="locator" xlink:href="21380021ZMHVZYWRTO10-2022-12-31.xsd#ΜΖΚ_AdjustmentsForInvestmentIncome" xlink:label="AdjustmentsForInvestmentIncome" xlink:title="AdjustmentsForInvestmentIncome"/><link:definitionArc xlink:type="arc" xlink:arcrole="http://xbrl.org/int/dim/arcrole/domain-member" xlink:from="LineItemsNotDimensionallyQualifiedPlaceholder" xlink:to="AdjustmentsForInvestmentIncome" xlink:title="Definition: LineItemsNotDimensionallyQualifiedPlaceholder to AdjustmentsForInvestmentIncome" order="55.0"/><link:loc xlink:type="locator" xlink:href="http://xbrl.ifrs.org/taxonomy/2021-03-24/full_ifrs/full_ifrs-cor_2021-03-24.xsd#ifrs-full_AdjustmentsForInterestExpense" xlink:label="AdjustmentsForInterestExpense" xlink:title="AdjustmentsForInterestExpense"/><link:definitionArc xlink:type="arc" xlink:arcrole="http://xbrl.org/int/dim/arcrole/domain-member" xlink:from="LineItemsNotDimensionallyQualifiedPlaceholder" xlink:to="AdjustmentsForInterestExpense" xlink:title="Definition: LineItemsNotDimensionallyQualifiedPlaceholder to AdjustmentsForInterestExpense" order="56.0"/><link:loc xlink:type="locator" xlink:href="http://xbrl.ifrs.org/taxonomy/2021-03-24/full_ifrs/full_ifrs-cor_2021-03-24.xsd#ifrs-full_AdjustmentsForDecreaseIncreaseInInventories" xlink:label="AdjustmentsForDecreaseIncreaseInInventories" xlink:title="AdjustmentsForDecreaseIncreaseInInventories"/><link:definitionArc xlink:type="arc" xlink:arcrole="http://xbrl.org/int/dim/arcrole/domain-member" xlink:from="LineItemsNotDimensionallyQualifiedPlaceholder" xlink:to="AdjustmentsForDecreaseIncreaseInInventories" xlink:title="Definition: LineItemsNotDimensionallyQualifiedPlaceholder to AdjustmentsForDecreaseIncreaseInInventories" order="57.0"/><link:loc xlink:type="locator" xlink:href="http://xbrl.ifrs.org/taxonomy/2021-03-24/full_ifrs/full_ifrs-cor_2021-03-24.xsd#ifrs-full_AdjustmentsForDecreaseIncreaseInTradeAndOtherReceivables" xlink:label="AdjustmentsForDecreaseIncreaseInTradeAndOtherReceivables" xlink:title="AdjustmentsForDecreaseIncreaseInTradeAndOtherReceivables"/><link:definitionArc xlink:type="arc" xlink:arcrole="http://xbrl.org/int/dim/arcrole/domain-member" xlink:from="LineItemsNotDimensionallyQualifiedPlaceholder" xlink:to="AdjustmentsForDecreaseIncreaseInTradeAndOtherReceivables" xlink:title="Definition: LineItemsNotDimensionallyQualifiedPlaceholder to AdjustmentsForDecreaseIncreaseInTradeAndOtherReceivables" order="58.0"/><link:loc xlink:type="locator" xlink:href="http://xbrl.ifrs.org/taxonomy/2021-03-24/full_ifrs/full_ifrs-cor_2021-03-24.xsd#ifrs-full_AdjustmentsForIncreaseDecreaseInTradeAndOtherPayables" xlink:label="AdjustmentsForIncreaseDecreaseInTradeAndOtherPayables" xlink:title="AdjustmentsForIncreaseDecreaseInTradeAndOtherPayables"/><link:definitionArc xlink:type="arc" xlink:arcrole="http://xbrl.org/int/dim/arcrole/domain-member" xlink:from="LineItemsNotDimensionallyQualifiedPlaceholder" xlink:to="AdjustmentsForIncreaseDecreaseInTradeAndOtherPayables" xlink:title="Definition: LineItemsNotDimensionallyQualifiedPlaceholder to AdjustmentsForIncreaseDecreaseInTradeAndOtherPayables" order="59.0"/><link:loc xlink:type="locator" xlink:href="http://xbrl.ifrs.org/taxonomy/2021-03-24/full_ifrs/full_ifrs-cor_2021-03-24.xsd#ifrs-full_InterestPaidClassifiedAsOperatingActivities" xlink:label="InterestPaidClassifiedAsOperatingActivities" xlink:title="InterestPaidClassifiedAsOperatingActivities"/><link:definitionArc xlink:type="arc" xlink:arcrole="http://xbrl.org/int/dim/arcrole/domain-member" xlink:from="LineItemsNotDimensionallyQualifiedPlaceholder" xlink:to="InterestPaidClassifiedAsOperatingActivities" xlink:title="Definition: LineItemsNotDimensionallyQualifiedPlaceholder to InterestPaidClassifiedAsOperatingActivities" order="60.0"/><link:loc xlink:type="locator" xlink:href="http://xbrl.ifrs.org/taxonomy/2021-03-24/full_ifrs/full_ifrs-cor_2021-03-24.xsd#ifrs-full_IncomeTaxesPaidClassifiedAsOperatingActivities" xlink:label="IncomeTaxesPaidClassifiedAsOperatingActivities" xlink:title="IncomeTaxesPaidClassifiedAsOperatingActivities"/><link:definitionArc xlink:type="arc" xlink:arcrole="http://xbrl.org/int/dim/arcrole/domain-member" xlink:from="LineItemsNotDimensionallyQualifiedPlaceholder" xlink:to="IncomeTaxesPaidClassifiedAsOperatingActivities" xlink:title="Definition: LineItemsNotDimensionallyQualifiedPlaceholder to IncomeTaxesPaidClassifiedAsOperatingActivities" order="61.0"/><link:loc xlink:type="locator" xlink:href="http://xbrl.ifrs.org/taxonomy/2021-03-24/full_ifrs/full_ifrs-cor_2021-03-24.xsd#ifrs-full_CashFlowsFromUsedInOperatingActivities" xlink:label="CashFlowsFromUsedInOperatingActivities" xlink:title="CashFlowsFromUsedInOperatingActivities"/><link:definitionArc xlink:type="arc" xlink:arcrole="http://xbrl.org/int/dim/arcrole/domain-member" xlink:from="LineItemsNotDimensionallyQualifiedPlaceholder" xlink:to="CashFlowsFromUsedInOperatingActivities" xlink:title="Definition: LineItemsNotDimensionallyQualifiedPlaceholder to CashFlowsFromUsedInOperatingActivities" order="62.0"/><link:loc xlink:type="locator" xlink:href="21380021ZMHVZYWRTO10-2022-12-31.xsd#ΜΖΚ_PurchaseOfPropertyPlantAndEquipmentAndPurchaseOfIntangibleAssetsClassifiedAsInvestingActivities" xlink:label="PurchaseOfPropertyPlantAndEquipmentAndPurchaseOfIntangibleAssetsClassifiedAsInvestingActivities" xlink:title="PurchaseOfPropertyPlantAndEquipmentAndPurchaseOfIntangibleAssetsClassifiedAsInvestingActivities"/><link:definitionArc xlink:type="arc" xlink:arcrole="http://xbrl.org/int/dim/arcrole/domain-member" xlink:from="LineItemsNotDimensionallyQualifiedPlaceholder" xlink:to="PurchaseOfPropertyPlantAndEquipmentAndPurchaseOfIntangibleAssetsClassifiedAsInvestingActivities" xlink:title="Definition: LineItemsNotDimensionallyQualifiedPlaceholder to PurchaseOfPropertyPlantAndEquipmentAndPurchaseOfIntangibleAssetsClassifiedAsInvestingActivities" order="63.0"/><link:loc xlink:type="locator" xlink:href="21380021ZMHVZYWRTO10-2022-12-31.xsd#ΜΖΚ_ProceedsFromSalesOfPropertyPlantAndEquipmentAndProceedsFromSalesOfIntangibleAssetsClassifiedAsInvestingActivities" xlink:label="ProceedsFromSalesOfPropertyPlantAndEquipmentAndProceedsFromSalesOfIntangibleAssetsClassifiedAsInvestingActivities" xlink:title="ProceedsFromSalesOfPropertyPlantAndEquipmentAndProceedsFromSalesOfIntangibleAssetsClassifiedAsInvestingActivities"/><link:definitionArc xlink:type="arc" xlink:arcrole="http://xbrl.org/int/dim/arcrole/domain-member" xlink:from="LineItemsNotDimensionallyQualifiedPlaceholder" xlink:to="ProceedsFromSalesOfPropertyPlantAndEquipmentAndProceedsFromSalesOfIntangibleAssetsClassifiedAsInvestingActivities" xlink:title="Definition: LineItemsNotDimensionallyQualifiedPlaceholder to ProceedsFromSalesOfPropertyPlantAndEquipmentAndProceedsFromSalesOfIntangibleAssetsClassifiedAsInvestingActivities" order="64.0"/><link:loc xlink:type="locator" xlink:href="http://xbrl.ifrs.org/taxonomy/2021-03-24/full_ifrs/full_ifrs-cor_2021-03-24.xsd#ifrs-full_InterestReceivedClassifiedAsInvestingActivities" xlink:label="InterestReceivedClassifiedAsInvestingActivities" xlink:title="InterestReceivedClassifiedAsInvestingActivities"/><link:definitionArc xlink:type="arc" xlink:arcrole="http://xbrl.org/int/dim/arcrole/domain-member" xlink:from="LineItemsNotDimensionallyQualifiedPlaceholder" xlink:to="InterestReceivedClassifiedAsInvestingActivities" xlink:title="Definition: LineItemsNotDimensionallyQualifiedPlaceholder to InterestReceivedClassifiedAsInvestingActivities" order="65.0"/><link:loc xlink:type="locator" xlink:href="http://xbrl.ifrs.org/taxonomy/2021-03-24/full_ifrs/full_ifrs-cor_2021-03-24.xsd#ifrs-full_CashFlowsFromUsedInInvestingActivities" xlink:label="CashFlowsFromUsedInInvestingActivities" xlink:title="CashFlowsFromUsedInInvestingActivities"/><link:definitionArc xlink:type="arc" xlink:arcrole="http://xbrl.org/int/dim/arcrole/domain-member" xlink:from="LineItemsNotDimensionallyQualifiedPlaceholder" xlink:to="CashFlowsFromUsedInInvestingActivities" xlink:title="Definition: LineItemsNotDimensionallyQualifiedPlaceholder to CashFlowsFromUsedInInvestingActivities" order="66.0"/><link:loc xlink:type="locator" xlink:href="21380021ZMHVZYWRTO10-2022-12-31.xsd#ΜΖΚ_ProceedsFromBorrowingsAndRepaymentsOfBorrowingsClassifiedAsFinancingActivities" xlink:label="ProceedsFromBorrowingsAndRepaymentsOfBorrowingsClassifiedAsFinancingActivities" xlink:title="ProceedsFromBorrowingsAndRepaymentsOfBorrowingsClassifiedAsFinancingActivities"/><link:definitionArc xlink:type="arc" xlink:arcrole="http://xbrl.org/int/dim/arcrole/domain-member" xlink:from="LineItemsNotDimensionallyQualifiedPlaceholder" xlink:to="ProceedsFromBorrowingsAndRepaymentsOfBorrowingsClassifiedAsFinancingActivities" xlink:title="Definition: LineItemsNotDimensionallyQualifiedPlaceholder to ProceedsFromBorrowingsAndRepaymentsOfBorrowingsClassifiedAsFinancingActivities" order="67.0"/><link:loc xlink:type="locator" xlink:href="http://xbrl.ifrs.org/taxonomy/2021-03-24/full_ifrs/full_ifrs-cor_2021-03-24.xsd#ifrs-full_CashFlowsFromUsedInFinancingActivities" xlink:label="CashFlowsFromUsedInFinancingActivities" xlink:title="CashFlowsFromUsedInFinancingActivities"/><link:definitionArc xlink:type="arc" xlink:arcrole="http://xbrl.org/int/dim/arcrole/domain-member" xlink:from="LineItemsNotDimensionallyQualifiedPlaceholder" xlink:to="CashFlowsFromUsedInFinancingActivities" xlink:title="Definition: LineItemsNotDimensionallyQualifiedPlaceholder to CashFlowsFromUsedInFinancingActivities" order="68.0"/><link:loc xlink:type="locator" xlink:href="http://xbrl.ifrs.org/taxonomy/2021-03-24/full_ifrs/full_ifrs-cor_2021-03-24.xsd#ifrs-full_IncreaseDecreaseInCashAndCashEquivalents" xlink:label="IncreaseDecreaseInCashAndCashEquivalents" xlink:title="IncreaseDecreaseInCashAndCashEquivalents"/><link:definitionArc xlink:type="arc" xlink:arcrole="http://xbrl.org/int/dim/arcrole/domain-member" xlink:from="LineItemsNotDimensionallyQualifiedPlaceholder" xlink:to="IncreaseDecreaseInCashAndCashEquivalents" xlink:title="Definition: LineItemsNotDimensionallyQualifiedPlaceholder to IncreaseDecreaseInCashAndCashEquivalents" order="69.0"/><link:loc xlink:type="locator" xlink:href="http://xbrl.ifrs.org/taxonomy/2021-03-24/full_ifrs/full_ifrs-cor_2021-03-24.xsd#ifrs-full_DisclosureOfNotesAndOtherExplanatoryInformationExplanatory" xlink:label="DisclosureOfNotesAndOtherExplanatoryInformationExplanatory" xlink:title="DisclosureOfNotesAndOtherExplanatoryInformationExplanatory"/><link:definitionArc xlink:type="arc" xlink:arcrole="http://xbrl.org/int/dim/arcrole/domain-member" xlink:from="LineItemsNotDimensionallyQualifiedPlaceholder" xlink:to="DisclosureOfNotesAndOtherExplanatoryInformationExplanatory" xlink:title="Definition: LineItemsNotDimensionallyQualifiedPlaceholder to DisclosureOfNotesAndOtherExplanatoryInformationExplanatory" order="70.0"/><link:loc xlink:type="locator" xlink:href="http://xbrl.ifrs.org/taxonomy/2021-03-24/full_ifrs/full_ifrs-cor_2021-03-24.xsd#ifrs-full_NameOfReportingEntityOrOtherMeansOfIdentification" xlink:label="NameOfReportingEntityOrOtherMeansOfIdentification" xlink:title="NameOfReportingEntityOrOtherMeansOfIdentification"/><link:definitionArc xlink:type="arc" xlink:arcrole="http://xbrl.org/int/dim/arcrole/domain-member" xlink:from="LineItemsNotDimensionallyQualifiedPlaceholder" xlink:to="NameOfReportingEntityOrOtherMeansOfIdentification" xlink:title="Definition: LineItemsNotDimensionallyQualifiedPlaceholder to NameOfReportingEntityOrOtherMeansOfIdentification" order="71.0"/><link:loc xlink:type="locator" xlink:href="http://xbrl.ifrs.org/taxonomy/2021-03-24/full_ifrs/full_ifrs-cor_2021-03-24.xsd#ifrs-full_LegalFormOfEntity" xlink:label="LegalFormOfEntity" xlink:title="LegalFormOfEntity"/><link:definitionArc xlink:type="arc" xlink:arcrole="http://xbrl.org/int/dim/arcrole/domain-member" xlink:from="LineItemsNotDimensionallyQualifiedPlaceholder" xlink:to="LegalFormOfEntity" xlink:title="Definition: LineItemsNotDimensionallyQualifiedPlaceholder to LegalFormOfEntity" order="72.0"/><link:loc xlink:type="locator" xlink:href="http://xbrl.ifrs.org/taxonomy/2021-03-24/full_ifrs/full_ifrs-cor_2021-03-24.xsd#ifrs-full_CountryOfIncorporation" xlink:label="CountryOfIncorporation" xlink:title="CountryOfIncorporation"/><link:definitionArc xlink:type="arc" xlink:arcrole="http://xbrl.org/int/dim/arcrole/domain-member" xlink:from="LineItemsNotDimensionallyQualifiedPlaceholder" xlink:to="CountryOfIncorporation" xlink:title="Definition: LineItemsNotDimensionallyQualifiedPlaceholder to CountryOfIncorporation" order="73.0"/><link:loc xlink:type="locator" xlink:href="http://xbrl.ifrs.org/taxonomy/2021-03-24/full_ifrs/full_ifrs-cor_2021-03-24.xsd#ifrs-full_AddressOfRegisteredOfficeOfEntity" xlink:label="AddressOfRegisteredOfficeOfEntity" xlink:title="AddressOfRegisteredOfficeOfEntity"/><link:definitionArc xlink:type="arc" xlink:arcrole="http://xbrl.org/int/dim/arcrole/domain-member" xlink:from="LineItemsNotDimensionallyQualifiedPlaceholder" xlink:to="AddressOfRegisteredOfficeOfEntity" xlink:title="Definition: LineItemsNotDimensionallyQualifiedPlaceholder to AddressOfRegisteredOfficeOfEntity" order="74.0"/><link:loc xlink:type="locator" xlink:href="http://xbrl.ifrs.org/taxonomy/2021-03-24/full_ifrs/full_ifrs-cor_2021-03-24.xsd#ifrs-full_PrincipalPlaceOfBusiness" xlink:label="PrincipalPlaceOfBusiness" xlink:title="PrincipalPlaceOfBusiness"/><link:definitionArc xlink:type="arc" xlink:arcrole="http://xbrl.org/int/dim/arcrole/domain-member" xlink:from="LineItemsNotDimensionallyQualifiedPlaceholder" xlink:to="PrincipalPlaceOfBusiness" xlink:title="Definition: LineItemsNotDimensionallyQualifiedPlaceholder to PrincipalPlaceOfBusiness" order="75.0"/><link:loc xlink:type="locator" xlink:href="http://xbrl.ifrs.org/taxonomy/2021-03-24/full_ifrs/full_ifrs-cor_2021-03-24.xsd#ifrs-full_NameOfParentEntity" xlink:label="NameOfParentEntity" xlink:title="NameOfParentEntity"/><link:definitionArc xlink:type="arc" xlink:arcrole="http://xbrl.org/int/dim/arcrole/domain-member" xlink:from="LineItemsNotDimensionallyQualifiedPlaceholder" xlink:to="NameOfParentEntity" xlink:title="Definition: LineItemsNotDimensionallyQualifiedPlaceholder to NameOfParentEntity" order="76.0"/><link:loc xlink:type="locator" xlink:href="http://xbrl.ifrs.org/taxonomy/2021-03-24/full_ifrs/full_ifrs-cor_2021-03-24.xsd#ifrs-full_DescriptionOfNatureOfEntitysOperationsAndPrincipalActivities" xlink:label="DescriptionOfNatureOfEntitysOperationsAndPrincipalActivities" xlink:title="DescriptionOfNatureOfEntitysOperationsAndPrincipalActivities"/><link:definitionArc xlink:type="arc" xlink:arcrole="http://xbrl.org/int/dim/arcrole/domain-member" xlink:from="LineItemsNotDimensionallyQualifiedPlaceholder" xlink:to="DescriptionOfNatureOfEntitysOperationsAndPrincipalActivities" xlink:title="Definition: LineItemsNotDimensionallyQualifiedPlaceholder to DescriptionOfNatureOfEntitysOperationsAndPrincipalActivities" order="77.0"/><link:loc xlink:type="locator" xlink:href="http://xbrl.ifrs.org/taxonomy/2021-03-24/full_ifrs/full_ifrs-cor_2021-03-24.xsd#ifrs-full_StatementOfIFRSCompliance" xlink:label="StatementOfIFRSCompliance" xlink:title="StatementOfIFRSCompliance"/><link:definitionArc xlink:type="arc" xlink:arcrole="http://xbrl.org/int/dim/arcrole/domain-member" xlink:from="LineItemsNotDimensionallyQualifiedPlaceholder" xlink:to="StatementOfIFRSCompliance" xlink:title="Definition: LineItemsNotDimensionallyQualifiedPlaceholder to StatementOfIFRSCompliance" order="78.0"/><link:loc xlink:type="locator" xlink:href="http://xbrl.ifrs.org/taxonomy/2021-03-24/full_ifrs/full_ifrs-cor_2021-03-24.xsd#ifrs-full_DisclosureOfAccountingJudgementsAndEstimatesExplanatory" xlink:label="DisclosureOfAccountingJudgementsAndEstimatesExplanatory" xlink:title="DisclosureOfAccountingJudgementsAndEstimatesExplanatory"/><link:definitionArc xlink:type="arc" xlink:arcrole="http://xbrl.org/int/dim/arcrole/domain-member" xlink:from="LineItemsNotDimensionallyQualifiedPlaceholder" xlink:to="DisclosureOfAccountingJudgementsAndEstimatesExplanatory" xlink:title="Definition: LineItemsNotDimensionallyQualifiedPlaceholder to DisclosureOfAccountingJudgementsAndEstimatesExplanatory" order="79.0"/><link:loc xlink:type="locator" xlink:href="http://xbrl.ifrs.org/taxonomy/2021-03-24/full_ifrs/full_ifrs-cor_2021-03-24.xsd#ifrs-full_DisclosureOfAuthorisationOfFinancialStatementsExplanatory" xlink:label="DisclosureOfAuthorisationOfFinancialStatementsExplanatory" xlink:title="DisclosureOfAuthorisationOfFinancialStatementsExplanatory"/><link:definitionArc xlink:type="arc" xlink:arcrole="http://xbrl.org/int/dim/arcrole/domain-member" xlink:from="LineItemsNotDimensionallyQualifiedPlaceholder" xlink:to="DisclosureOfAuthorisationOfFinancialStatementsExplanatory" xlink:title="Definition: LineItemsNotDimensionallyQualifiedPlaceholder to DisclosureOfAuthorisationOfFinancialStatementsExplanatory" order="80.0"/><link:loc xlink:type="locator" xlink:href="http://xbrl.ifrs.org/taxonomy/2021-03-24/full_ifrs/full_ifrs-cor_2021-03-24.xsd#ifrs-full_DisclosureOfBasisOfConsolidationExplanatory" xlink:label="DisclosureOfBasisOfConsolidationExplanatory" xlink:title="DisclosureOfBasisOfConsolidationExplanatory"/><link:definitionArc xlink:type="arc" xlink:arcrole="http://xbrl.org/int/dim/arcrole/domain-member" xlink:from="LineItemsNotDimensionallyQualifiedPlaceholder" xlink:to="DisclosureOfBasisOfConsolidationExplanatory" xlink:title="Definition: LineItemsNotDimensionallyQualifiedPlaceholder to DisclosureOfBasisOfConsolidationExplanatory" order="81.0"/><link:loc xlink:type="locator" xlink:href="http://xbrl.ifrs.org/taxonomy/2021-03-24/full_ifrs/full_ifrs-cor_2021-03-24.xsd#ifrs-full_DisclosureOfBasisOfPreparationOfFinancialStatementsExplanatory" xlink:label="DisclosureOfBasisOfPreparationOfFinancialStatementsExplanatory" xlink:title="DisclosureOfBasisOfPreparationOfFinancialStatementsExplanatory"/><link:definitionArc xlink:type="arc" xlink:arcrole="http://xbrl.org/int/dim/arcrole/domain-member" xlink:from="LineItemsNotDimensionallyQualifiedPlaceholder" xlink:to="DisclosureOfBasisOfPreparationOfFinancialStatementsExplanatory" xlink:title="Definition: LineItemsNotDimensionallyQualifiedPlaceholder to DisclosureOfBasisOfPreparationOfFinancialStatementsExplanatory" order="82.0"/><link:loc xlink:type="locator" xlink:href="http://xbrl.ifrs.org/taxonomy/2021-03-24/full_ifrs/full_ifrs-cor_2021-03-24.xsd#ifrs-full_DisclosureOfCashAndBankBalancesAtCentralBanksExplanatory" xlink:label="DisclosureOfCashAndBankBalancesAtCentralBanksExplanatory" xlink:title="DisclosureOfCashAndBankBalancesAtCentralBanksExplanatory"/><link:definitionArc xlink:type="arc" xlink:arcrole="http://xbrl.org/int/dim/arcrole/domain-member" xlink:from="LineItemsNotDimensionallyQualifiedPlaceholder" xlink:to="DisclosureOfCashAndBankBalancesAtCentralBanksExplanatory" xlink:title="Definition: LineItemsNotDimensionallyQualifiedPlaceholder to DisclosureOfCashAndBankBalancesAtCentralBanksExplanatory" order="83.0"/><link:loc xlink:type="locator" xlink:href="http://xbrl.ifrs.org/taxonomy/2021-03-24/full_ifrs/full_ifrs-cor_2021-03-24.xsd#ifrs-full_DisclosureOfCashAndCashEquivalentsExplanatory" xlink:label="DisclosureOfCashAndCashEquivalentsExplanatory" xlink:title="DisclosureOfCashAndCashEquivalentsExplanatory"/><link:definitionArc xlink:type="arc" xlink:arcrole="http://xbrl.org/int/dim/arcrole/domain-member" xlink:from="LineItemsNotDimensionallyQualifiedPlaceholder" xlink:to="DisclosureOfCashAndCashEquivalentsExplanatory" xlink:title="Definition: LineItemsNotDimensionallyQualifiedPlaceholder to DisclosureOfCashAndCashEquivalentsExplanatory" order="84.0"/><link:loc xlink:type="locator" xlink:href="http://xbrl.ifrs.org/taxonomy/2021-03-24/full_ifrs/full_ifrs-cor_2021-03-24.xsd#ifrs-full_DisclosureOfCostOfSalesExplanatory" xlink:label="DisclosureOfCostOfSalesExplanatory" xlink:title="DisclosureOfCostOfSalesExplanatory"/><link:definitionArc xlink:type="arc" xlink:arcrole="http://xbrl.org/int/dim/arcrole/domain-member" xlink:from="LineItemsNotDimensionallyQualifiedPlaceholder" xlink:to="DisclosureOfCostOfSalesExplanatory" xlink:title="Definition: LineItemsNotDimensionallyQualifiedPlaceholder to DisclosureOfCostOfSalesExplanatory" order="85.0"/><link:loc xlink:type="locator" xlink:href="http://xbrl.ifrs.org/taxonomy/2021-03-24/full_ifrs/full_ifrs-cor_2021-03-24.xsd#ifrs-full_DisclosureOfCreditRiskExplanatory" xlink:label="DisclosureOfCreditRiskExplanatory" xlink:title="DisclosureOfCreditRiskExplanatory"/><link:definitionArc xlink:type="arc" xlink:arcrole="http://xbrl.org/int/dim/arcrole/domain-member" xlink:from="LineItemsNotDimensionallyQualifiedPlaceholder" xlink:to="DisclosureOfCreditRiskExplanatory" xlink:title="Definition: LineItemsNotDimensionallyQualifiedPlaceholder to DisclosureOfCreditRiskExplanatory" order="86.0"/><link:loc xlink:type="locator" xlink:href="http://xbrl.ifrs.org/taxonomy/2021-03-24/full_ifrs/full_ifrs-cor_2021-03-24.xsd#ifrs-full_DisclosureOfDeferredTaxesExplanatory" xlink:label="DisclosureOfDeferredTaxesExplanatory" xlink:title="DisclosureOfDeferredTaxesExplanatory"/><link:definitionArc xlink:type="arc" xlink:arcrole="http://xbrl.org/int/dim/arcrole/domain-member" xlink:from="LineItemsNotDimensionallyQualifiedPlaceholder" xlink:to="DisclosureOfDeferredTaxesExplanatory" xlink:title="Definition: LineItemsNotDimensionallyQualifiedPlaceholder to DisclosureOfDeferredTaxesExplanatory" order="87.0"/><link:loc xlink:type="locator" xlink:href="http://xbrl.ifrs.org/taxonomy/2021-03-24/full_ifrs/full_ifrs-cor_2021-03-24.xsd#ifrs-full_DisclosureOfEarningsPerShareExplanatory" xlink:label="DisclosureOfEarningsPerShareExplanatory" xlink:title="DisclosureOfEarningsPerShareExplanatory"/><link:definitionArc xlink:type="arc" xlink:arcrole="http://xbrl.org/int/dim/arcrole/domain-member" xlink:from="LineItemsNotDimensionallyQualifiedPlaceholder" xlink:to="DisclosureOfEarningsPerShareExplanatory" xlink:title="Definition: LineItemsNotDimensionallyQualifiedPlaceholder to DisclosureOfEarningsPerShareExplanatory" order="88.0"/></link:definitionLink><link:definitionLink xlink:type="extended" xlink:role="http://mouzakis.gr/role/Anchoring"><link:loc xlink:type="locator" xlink:href="http://xbrl.ifrs.org/taxonomy/2021-03-24/full_ifrs/full_ifrs-cor_2021-03-24.xsd#ifrs-full_OtherReserves" xlink:label="OtherReserves" xlink:title="OtherReserves"/><link:loc xlink:type="locator" xlink:href="21380021ZMHVZYWRTO10-2022-12-31.xsd#ΜΖΚ_MiscellaneousOtherReserves" xlink:label="MiscellaneousOtherReserves" xlink:title="MiscellaneousOtherReserves"/><link:definitionArc xlink:type="arc" xlink:arcrole="http://www.esma.europa.eu/xbrl/esef/arcrole/wider-narrower" xlink:from="OtherReserves" xlink:to="MiscellaneousOtherReserves" xlink:title="Definition: OtherReserves to MiscellaneousOtherReserves" order="1.0"/><link:loc xlink:type="locator" xlink:href="http://xbrl.ifrs.org/taxonomy/2021-03-24/full_ifrs/full_ifrs-cor_2021-03-24.xsd#ifrs-full_OperatingExpense" xlink:label="OperatingExpense" xlink:title="OperatingExpense"/><link:loc xlink:type="locator" xlink:href="21380021ZMHVZYWRTO10-2022-12-31.xsd#ΜΖΚ_SellingExpenseAndDistributionCosts" xlink:label="SellingExpenseAndDistributionCosts" xlink:title="SellingExpenseAndDistributionCosts"/><link:definitionArc xlink:type="arc" xlink:arcrole="http://www.esma.europa.eu/xbrl/esef/arcrole/wider-narrower" xlink:from="OperatingExpense" xlink:to="SellingExpenseAndDistributionCosts" xlink:title="Definition: OperatingExpense to SellingExpenseAndDistributionCosts" order="1.0"/><link:loc xlink:type="locator" xlink:href="http://xbrl.ifrs.org/taxonomy/2021-03-24/full_ifrs/full_ifrs-cor_2021-03-24.xsd#ifrs-full_SellingExpense" xlink:label="SellingExpense" xlink:title="SellingExpense"/><link:definitionArc xlink:type="arc" xlink:arcrole="http://www.esma.europa.eu/xbrl/esef/arcrole/wider-narrower" xlink:from="SellingExpenseAndDistributionCosts" xlink:to="SellingExpense" xlink:title="Definition: SellingExpenseAndDistributionCosts to SellingExpense" order="1.0"/><link:loc xlink:type="locator" xlink:href="http://xbrl.ifrs.org/taxonomy/2021-03-24/full_ifrs/full_ifrs-cor_2021-03-24.xsd#ifrs-full_DistributionCosts" xlink:label="DistributionCosts" xlink:title="DistributionCosts"/><link:definitionArc xlink:type="arc" xlink:arcrole="http://www.esma.europa.eu/xbrl/esef/arcrole/wider-narrower" xlink:from="SellingExpenseAndDistributionCosts" xlink:to="DistributionCosts" xlink:title="Definition: SellingExpenseAndDistributionCosts to DistributionCosts" order="2.0"/><link:loc xlink:type="locator" xlink:href="http://xbrl.ifrs.org/taxonomy/2021-03-24/full_ifrs/full_ifrs-cor_2021-03-24.xsd#ifrs-full_ProfitLossFromOperatingActivities" xlink:label="ProfitLossFromOperatingActivities" xlink:title="ProfitLossFromOperatingActivities"/><link:loc xlink:type="locator" xlink:href="21380021ZMHVZYWRTO10-2022-12-31.xsd#ΜΖΚ_ProfitLossFromOperatingActivitiesBeforeInterestTaxesDepreciationAndAmortisationExpense" xlink:label="ProfitLossFromOperatingActivitiesBeforeInterestTaxesDepreciationAndAmortisationExpense" xlink:title="ProfitLossFromOperatingActivitiesBeforeInterestTaxesDepreciationAndAmortisationExpense"/><link:definitionArc xlink:type="arc" xlink:arcrole="http://www.esma.europa.eu/xbrl/esef/arcrole/wider-narrower" xlink:from="ProfitLossFromOperatingActivities" xlink:to="ProfitLossFromOperatingActivitiesBeforeInterestTaxesDepreciationAndAmortisationExpense" xlink:title="Definition: ProfitLossFromOperatingActivities to ProfitLossFromOperatingActivitiesBeforeInterestTaxesDepreciationAndAmortisationExpense" order="1.0"/><link:loc xlink:type="locator" xlink:href="http://xbrl.ifrs.org/taxonomy/2021-03-24/full_ifrs/full_ifrs-cor_2021-03-24.xsd#ifrs-full_AdjustmentsForReconcileProfitLoss" xlink:label="AdjustmentsForReconcileProfitLoss" xlink:title="AdjustmentsForReconcileProfitLoss"/><link:loc xlink:type="locator" xlink:href="21380021ZMHVZYWRTO10-2022-12-31.xsd#ΜΖΚ_AdjustmentsForInvestmentIncome" xlink:label="AdjustmentsForInvestmentIncome" xlink:title="AdjustmentsForInvestmentIncome"/><link:definitionArc xlink:type="arc" xlink:arcrole="http://www.esma.europa.eu/xbrl/esef/arcrole/wider-narrower" xlink:from="AdjustmentsForReconcileProfitLoss" xlink:to="AdjustmentsForInvestmentIncome" xlink:title="Definition: AdjustmentsForReconcileProfitLoss to AdjustmentsForInvestmentIncome" order="1.0"/><link:loc xlink:type="locator" xlink:href="http://xbrl.ifrs.org/taxonomy/2021-03-24/full_ifrs/full_ifrs-cor_2021-03-24.xsd#ifrs-full_CashFlowsFromUsedInInvestingActivities" xlink:label="CashFlowsFromUsedInInvestingActivities" xlink:title="CashFlowsFromUsedInInvestingActivities"/><link:loc xlink:type="locator" xlink:href="21380021ZMHVZYWRTO10-2022-12-31.xsd#ΜΖΚ_PurchaseOfPropertyPlantAndEquipmentAndPurchaseOfIntangibleAssetsClassifiedAsInvestingActivities" xlink:label="PurchaseOfPropertyPlantAndEquipmentAndPurchaseOfIntangibleAssetsClassifiedAsInvestingActivities" xlink:title="PurchaseOfPropertyPlantAndEquipmentAndPurchaseOfIntangibleAssetsClassifiedAsInvestingActivities"/><link:definitionArc xlink:type="arc" xlink:arcrole="http://www.esma.europa.eu/xbrl/esef/arcrole/wider-narrower" xlink:from="CashFlowsFromUsedInInvestingActivities" xlink:to="PurchaseOfPropertyPlantAndEquipmentAndPurchaseOfIntangibleAssetsClassifiedAsInvestingActivities" xlink:title="Definition: CashFlowsFromUsedInInvestingActivities to PurchaseOfPropertyPlantAndEquipmentAndPurchaseOfIntangibleAssetsClassifiedAsInvestingActivities" order="1.0"/><link:loc xlink:type="locator" xlink:href="http://xbrl.ifrs.org/taxonomy/2021-03-24/full_ifrs/full_ifrs-cor_2021-03-24.xsd#ifrs-full_PurchaseOfPropertyPlantAndEquipmentClassifiedAsInvestingActivities" xlink:label="PurchaseOfPropertyPlantAndEquipmentClassifiedAsInvestingActivities" xlink:title="PurchaseOfPropertyPlantAndEquipmentClassifiedAsInvestingActivities"/><link:definitionArc xlink:type="arc" xlink:arcrole="http://www.esma.europa.eu/xbrl/esef/arcrole/wider-narrower" xlink:from="PurchaseOfPropertyPlantAndEquipmentAndPurchaseOfIntangibleAssetsClassifiedAsInvestingActivities" xlink:to="PurchaseOfPropertyPlantAndEquipmentClassifiedAsInvestingActivities" xlink:title="Definition: PurchaseOfPropertyPlantAndEquipmentAndPurchaseOfIntangibleAssetsClassifiedAsInvestingActivities to PurchaseOfPropertyPlantAndEquipmentClassifiedAsInvestingActivities" order="1.0"/><link:loc xlink:type="locator" xlink:href="http://xbrl.ifrs.org/taxonomy/2021-03-24/full_ifrs/full_ifrs-cor_2021-03-24.xsd#ifrs-full_PurchaseOfIntangibleAssetsClassifiedAsInvestingActivities" xlink:label="PurchaseOfIntangibleAssetsClassifiedAsInvestingActivities" xlink:title="PurchaseOfIntangibleAssetsClassifiedAsInvestingActivities"/><link:definitionArc xlink:type="arc" xlink:arcrole="http://www.esma.europa.eu/xbrl/esef/arcrole/wider-narrower" xlink:from="PurchaseOfPropertyPlantAndEquipmentAndPurchaseOfIntangibleAssetsClassifiedAsInvestingActivities" xlink:to="PurchaseOfIntangibleAssetsClassifiedAsInvestingActivities" xlink:title="Definition: PurchaseOfPropertyPlantAndEquipmentAndPurchaseOfIntangibleAssetsClassifiedAsInvestingActivities to PurchaseOfIntangibleAssetsClassifiedAsInvestingActivities" order="2.0"/><link:loc xlink:type="locator" xlink:href="21380021ZMHVZYWRTO10-2022-12-31.xsd#ΜΖΚ_ProceedsFromSalesOfPropertyPlantAndEquipmentAndProceedsFromSalesOfIntangibleAssetsClassifiedAsInvestingActivities" xlink:label="ProceedsFromSalesOfPropertyPlantAndEquipmentAndProceedsFromSalesOfIntangibleAssetsClassifiedAsInvestingActivities" xlink:title="ProceedsFromSalesOfPropertyPlantAndEquipmentAndProceedsFromSalesOfIntangibleAssetsClassifiedAsInvestingActivities"/><link:definitionArc xlink:type="arc" xlink:arcrole="http://www.esma.europa.eu/xbrl/esef/arcrole/wider-narrower" xlink:from="CashFlowsFromUsedInInvestingActivities" xlink:to="ProceedsFromSalesOfPropertyPlantAndEquipmentAndProceedsFromSalesOfIntangibleAssetsClassifiedAsInvestingActivities" xlink:title="Definition: CashFlowsFromUsedInInvestingActivities to ProceedsFromSalesOfPropertyPlantAndEquipmentAndProceedsFromSalesOfIntangibleAssetsClassifiedAsInvestingActivities" order="2.0"/><link:loc xlink:type="locator" xlink:href="http://xbrl.ifrs.org/taxonomy/2021-03-24/full_ifrs/full_ifrs-cor_2021-03-24.xsd#ifrs-full_ProceedsFromSalesOfPropertyPlantAndEquipmentClassifiedAsInvestingActivities" xlink:label="ProceedsFromSalesOfPropertyPlantAndEquipmentClassifiedAsInvestingActivities" xlink:title="ProceedsFromSalesOfPropertyPlantAndEquipmentClassifiedAsInvestingActivities"/><link:definitionArc xlink:type="arc" xlink:arcrole="http://www.esma.europa.eu/xbrl/esef/arcrole/wider-narrower" xlink:from="ProceedsFromSalesOfPropertyPlantAndEquipmentAndProceedsFromSalesOfIntangibleAssetsClassifiedAsInvestingActivities" xlink:to="ProceedsFromSalesOfPropertyPlantAndEquipmentClassifiedAsInvestingActivities" xlink:title="Definition: ProceedsFromSalesOfPropertyPlantAndEquipmentAndProceedsFromSalesOfIntangibleAssetsClassifiedAsInvestingActivities to ProceedsFromSalesOfPropertyPlantAndEquipmentClassifiedAsInvestingActivities" order="1.0"/><link:loc xlink:type="locator" xlink:href="http://xbrl.ifrs.org/taxonomy/2021-03-24/full_ifrs/full_ifrs-cor_2021-03-24.xsd#ifrs-full_ProceedsFromSalesOfIntangibleAssetsClassifiedAsInvestingActivities" xlink:label="ProceedsFromSalesOfIntangibleAssetsClassifiedAsInvestingActivities" xlink:title="ProceedsFromSalesOfIntangibleAssetsClassifiedAsInvestingActivities"/><link:definitionArc xlink:type="arc" xlink:arcrole="http://www.esma.europa.eu/xbrl/esef/arcrole/wider-narrower" xlink:from="ProceedsFromSalesOfPropertyPlantAndEquipmentAndProceedsFromSalesOfIntangibleAssetsClassifiedAsInvestingActivities" xlink:to="ProceedsFromSalesOfIntangibleAssetsClassifiedAsInvestingActivities" xlink:title="Definition: ProceedsFromSalesOfPropertyPlantAndEquipmentAndProceedsFromSalesOfIntangibleAssetsClassifiedAsInvestingActivities to ProceedsFromSalesOfIntangibleAssetsClassifiedAsInvestingActivities" order="2.0"/><link:loc xlink:type="locator" xlink:href="http://xbrl.ifrs.org/taxonomy/2021-03-24/full_ifrs/full_ifrs-cor_2021-03-24.xsd#ifrs-full_CashFlowsFromUsedInFinancingActivities" xlink:label="CashFlowsFromUsedInFinancingActivities" xlink:title="CashFlowsFromUsedInFinancingActivities"/><link:loc xlink:type="locator" xlink:href="21380021ZMHVZYWRTO10-2022-12-31.xsd#ΜΖΚ_ProceedsFromBorrowingsAndRepaymentsOfBorrowingsClassifiedAsFinancingActivities" xlink:label="ProceedsFromBorrowingsAndRepaymentsOfBorrowingsClassifiedAsFinancingActivities" xlink:title="ProceedsFromBorrowingsAndRepaymentsOfBorrowingsClassifiedAsFinancingActivities"/><link:definitionArc xlink:type="arc" xlink:arcrole="http://www.esma.europa.eu/xbrl/esef/arcrole/wider-narrower" xlink:from="CashFlowsFromUsedInFinancingActivities" xlink:to="ProceedsFromBorrowingsAndRepaymentsOfBorrowingsClassifiedAsFinancingActivities" xlink:title="Definition: CashFlowsFromUsedInFinancingActivities to ProceedsFromBorrowingsAndRepaymentsOfBorrowingsClassifiedAsFinancingActivities" order="1.0"/><link:loc xlink:type="locator" xlink:href="http://xbrl.ifrs.org/taxonomy/2021-03-24/full_ifrs/full_ifrs-cor_2021-03-24.xsd#ifrs-full_ProceedsFromBorrowingsClassifiedAsFinancingActivities" xlink:label="ProceedsFromBorrowingsClassifiedAsFinancingActivities" xlink:title="ProceedsFromBorrowingsClassifiedAsFinancingActivities"/><link:definitionArc xlink:type="arc" xlink:arcrole="http://www.esma.europa.eu/xbrl/esef/arcrole/wider-narrower" xlink:from="ProceedsFromBorrowingsAndRepaymentsOfBorrowingsClassifiedAsFinancingActivities" xlink:to="ProceedsFromBorrowingsClassifiedAsFinancingActivities" xlink:title="Definition: ProceedsFromBorrowingsAndRepaymentsOfBorrowingsClassifiedAsFinancingActivities to ProceedsFromBorrowingsClassifiedAsFinancingActivities" order="1.0"/><link:loc xlink:type="locator" xlink:href="http://xbrl.ifrs.org/taxonomy/2021-03-24/full_ifrs/full_ifrs-cor_2021-03-24.xsd#ifrs-full_RepaymentsOfBorrowingsClassifiedAsFinancingActivities" xlink:label="RepaymentsOfBorrowingsClassifiedAsFinancingActivities" xlink:title="RepaymentsOfBorrowingsClassifiedAsFinancingActivities"/><link:definitionArc xlink:type="arc" xlink:arcrole="http://www.esma.europa.eu/xbrl/esef/arcrole/wider-narrower" xlink:from="ProceedsFromBorrowingsAndRepaymentsOfBorrowingsClassifiedAsFinancingActivities" xlink:to="RepaymentsOfBorrowingsClassifiedAsFinancingActivities" xlink:title="Definition: ProceedsFromBorrowingsAndRepaymentsOfBorrowingsClassifiedAsFinancingActivities to RepaymentsOfBorrowingsClassifiedAsFinancingActivities" order="2.0"/></link:definitionLink></link:linkbase>