<?xml version="1.0" encoding ="UTF-8"?><link:linkbase xmlns:xsi="http://www.w3.org/2001/XMLSchema-instance" xsi:schemaLocation="http://www.xbrl.org/2003/linkbase http://www.xbrl.org/2003/xbrl-linkbase-2003-12-31.xsd" xmlns:link="http://www.xbrl.org/2003/linkbase" xmlns:xbrli="http://www.xbrl.org/2003/instance" xmlns:xlink="http://www.w3.org/1999/xlink" xmlns:xbrldt="http://xbrl.org/2005/xbrldt"><link:roleRef roleURI="http://mouzakis.gr/role/StatementOfFinancialPosition" xlink:type="simple" xlink:href="21380021ZMHVZYWRTO10-2022-12-31.xsd#StatementOfFinancialPosition"/><link:roleRef roleURI="http://mouzakis.gr/role/StatementOfComprehensiveIncome" xlink:type="simple" xlink:href="21380021ZMHVZYWRTO10-2022-12-31.xsd#StatementOfComprehensiveIncome"/><link:roleRef roleURI="http://mouzakis.gr/role/ChangesinEquity" xlink:type="simple" xlink:href="21380021ZMHVZYWRTO10-2022-12-31.xsd#ChangesinEquity"/><link:roleRef roleURI="http://mouzakis.gr/role/CashFlowStatement" xlink:type="simple" xlink:href="21380021ZMHVZYWRTO10-2022-12-31.xsd#CashFlowStatement"/><link:roleRef roleURI="http://mouzakis.gr/role/Notes" xlink:type="simple" xlink:href="21380021ZMHVZYWRTO10-2022-12-31.xsd#Notes"/><link:presentationLink xlink:type="extended" xlink:role="http://mouzakis.gr/role/StatementOfFinancialPosition"><link:loc xlink:type="locator" xlink:href="http://xbrl.ifrs.org/taxonomy/2021-03-24/full_ifrs/full_ifrs-cor_2021-03-24.xsd#ifrs-full_StatementOfFinancialPositionAbstract" xlink:label="StatementOfFinancialPositionAbstract" xlink:title="StatementOfFinancialPositionAbstract"/><link:loc xlink:type="locator" xlink:href="http://xbrl.ifrs.org/taxonomy/2021-03-24/full_ifrs/full_ifrs-cor_2021-03-24.xsd#ifrs-full_AssetsAbstract" xlink:label="AssetsAbstract" xlink:title="AssetsAbstract"/><link:presentationArc xlink:type="arc" xlink:arcrole="http://www.xbrl.org/2003/arcrole/parent-child" xlink:from="StatementOfFinancialPositionAbstract" xlink:to="AssetsAbstract" xlink:title="Presentation: StatementOfFinancialPositionAbstract to AssetsAbstract" order="1.0"/><link:loc xlink:type="locator" xlink:href="http://xbrl.ifrs.org/taxonomy/2021-03-24/full_ifrs/full_ifrs-cor_2021-03-24.xsd#ifrs-full_NoncurrentAssetsAbstract" xlink:label="NoncurrentAssetsAbstract" xlink:title="NoncurrentAssetsAbstract"/><link:presentationArc xlink:type="arc" xlink:arcrole="http://www.xbrl.org/2003/arcrole/parent-child" xlink:from="AssetsAbstract" xlink:to="NoncurrentAssetsAbstract" xlink:title="Presentation: AssetsAbstract to NoncurrentAssetsAbstract" order="1.0"/><link:loc xlink:type="locator" xlink:href="http://xbrl.ifrs.org/taxonomy/2021-03-24/full_ifrs/full_ifrs-cor_2021-03-24.xsd#ifrs-full_PropertyPlantAndEquipment" xlink:label="PropertyPlantAndEquipment" xlink:title="PropertyPlantAndEquipment"/><link:presentationArc xlink:type="arc" xlink:arcrole="http://www.xbrl.org/2003/arcrole/parent-child" xlink:from="NoncurrentAssetsAbstract" xlink:to="PropertyPlantAndEquipment" xlink:title="Presentation: NoncurrentAssetsAbstract to PropertyPlantAndEquipment" order="1.0" preferredLabel="http://www.xbrl.org/2003/role/label"/><link:loc xlink:type="locator" xlink:href="http://xbrl.ifrs.org/taxonomy/2021-03-24/full_ifrs/full_ifrs-cor_2021-03-24.xsd#ifrs-full_InvestmentProperty" xlink:label="InvestmentProperty" xlink:title="InvestmentProperty"/><link:presentationArc xlink:type="arc" xlink:arcrole="http://www.xbrl.org/2003/arcrole/parent-child" xlink:from="NoncurrentAssetsAbstract" xlink:to="InvestmentProperty" xlink:title="Presentation: NoncurrentAssetsAbstract to InvestmentProperty" order="2.0" preferredLabel="http://www.xbrl.org/2003/role/label"/><link:loc xlink:type="locator" xlink:href="http://xbrl.ifrs.org/taxonomy/2021-03-24/full_ifrs/full_ifrs-cor_2021-03-24.xsd#ifrs-full_IntangibleAssetsAndGoodwill" xlink:label="IntangibleAssetsAndGoodwill" xlink:title="IntangibleAssetsAndGoodwill"/><link:presentationArc xlink:type="arc" xlink:arcrole="http://www.xbrl.org/2003/arcrole/parent-child" xlink:from="NoncurrentAssetsAbstract" xlink:to="IntangibleAssetsAndGoodwill" xlink:title="Presentation: NoncurrentAssetsAbstract to IntangibleAssetsAndGoodwill" order="3.0" preferredLabel="http://www.xbrl.org/2003/role/label"/><link:loc xlink:type="locator" xlink:href="http://xbrl.ifrs.org/taxonomy/2021-03-24/full_ifrs/full_ifrs-cor_2021-03-24.xsd#ifrs-full_InvestmentsInSubsidiaries" xlink:label="InvestmentsInSubsidiaries" xlink:title="InvestmentsInSubsidiaries"/><link:presentationArc xlink:type="arc" xlink:arcrole="http://www.xbrl.org/2003/arcrole/parent-child" xlink:from="NoncurrentAssetsAbstract" xlink:to="InvestmentsInSubsidiaries" xlink:title="Presentation: NoncurrentAssetsAbstract to InvestmentsInSubsidiaries" order="4.0" preferredLabel="http://www.xbrl.org/2003/role/label"/><link:loc xlink:type="locator" xlink:href="http://xbrl.ifrs.org/taxonomy/2021-03-24/full_ifrs/full_ifrs-cor_2021-03-24.xsd#ifrs-full_OtherNoncurrentReceivables" xlink:label="OtherNoncurrentReceivables" xlink:title="OtherNoncurrentReceivables"/><link:presentationArc xlink:type="arc" xlink:arcrole="http://www.xbrl.org/2003/arcrole/parent-child" xlink:from="NoncurrentAssetsAbstract" xlink:to="OtherNoncurrentReceivables" xlink:title="Presentation: NoncurrentAssetsAbstract to OtherNoncurrentReceivables" order="5.0" preferredLabel="http://www.xbrl.org/2003/role/label"/><link:loc xlink:type="locator" xlink:href="http://xbrl.ifrs.org/taxonomy/2021-03-24/full_ifrs/full_ifrs-cor_2021-03-24.xsd#ifrs-full_NoncurrentAssets" xlink:label="NoncurrentAssets" xlink:title="NoncurrentAssets"/><link:presentationArc xlink:type="arc" xlink:arcrole="http://www.xbrl.org/2003/arcrole/parent-child" xlink:from="NoncurrentAssetsAbstract" xlink:to="NoncurrentAssets" xlink:title="Presentation: NoncurrentAssetsAbstract to NoncurrentAssets" order="6.0" preferredLabel="http://www.xbrl.org/2003/role/totalLabel"/><link:loc xlink:type="locator" xlink:href="http://xbrl.ifrs.org/taxonomy/2021-03-24/full_ifrs/full_ifrs-cor_2021-03-24.xsd#ifrs-full_CurrentAssetsAbstract" xlink:label="CurrentAssetsAbstract" xlink:title="CurrentAssetsAbstract"/><link:presentationArc xlink:type="arc" xlink:arcrole="http://www.xbrl.org/2003/arcrole/parent-child" xlink:from="AssetsAbstract" xlink:to="CurrentAssetsAbstract" xlink:title="Presentation: AssetsAbstract to CurrentAssetsAbstract" order="2.0"/><link:loc xlink:type="locator" xlink:href="http://xbrl.ifrs.org/taxonomy/2021-03-24/full_ifrs/full_ifrs-cor_2021-03-24.xsd#ifrs-full_Inventories" xlink:label="Inventories" xlink:title="Inventories"/><link:presentationArc xlink:type="arc" xlink:arcrole="http://www.xbrl.org/2003/arcrole/parent-child" xlink:from="CurrentAssetsAbstract" xlink:to="Inventories" xlink:title="Presentation: CurrentAssetsAbstract to Inventories" order="1.0" preferredLabel="http://www.xbrl.org/2003/role/label"/><link:loc xlink:type="locator" xlink:href="http://xbrl.ifrs.org/taxonomy/2021-03-24/full_ifrs/full_ifrs-cor_2021-03-24.xsd#ifrs-full_CurrentTradeReceivables" xlink:label="CurrentTradeReceivables" xlink:title="CurrentTradeReceivables"/><link:presentationArc xlink:type="arc" xlink:arcrole="http://www.xbrl.org/2003/arcrole/parent-child" xlink:from="CurrentAssetsAbstract" xlink:to="CurrentTradeReceivables" xlink:title="Presentation: CurrentAssetsAbstract to CurrentTradeReceivables" order="2.0" preferredLabel="http://www.xbrl.org/2003/role/label"/><link:loc xlink:type="locator" xlink:href="http://xbrl.ifrs.org/taxonomy/2021-03-24/full_ifrs/full_ifrs-cor_2021-03-24.xsd#ifrs-full_OtherCurrentReceivables" xlink:label="OtherCurrentReceivables" xlink:title="OtherCurrentReceivables"/><link:presentationArc xlink:type="arc" xlink:arcrole="http://www.xbrl.org/2003/arcrole/parent-child" xlink:from="CurrentAssetsAbstract" xlink:to="OtherCurrentReceivables" xlink:title="Presentation: CurrentAssetsAbstract to OtherCurrentReceivables" order="3.0" preferredLabel="http://www.xbrl.org/2003/role/label"/><link:loc xlink:type="locator" xlink:href="http://xbrl.ifrs.org/taxonomy/2021-03-24/full_ifrs/full_ifrs-cor_2021-03-24.xsd#ifrs-full_CashAndCashEquivalents" xlink:label="CashAndCashEquivalents" xlink:title="CashAndCashEquivalents"/><link:presentationArc xlink:type="arc" xlink:arcrole="http://www.xbrl.org/2003/arcrole/parent-child" xlink:from="CurrentAssetsAbstract" xlink:to="CashAndCashEquivalents" xlink:title="Presentation: CurrentAssetsAbstract to CashAndCashEquivalents" order="4.0" preferredLabel="http://www.xbrl.org/2003/role/label"/><link:loc xlink:type="locator" xlink:href="http://xbrl.ifrs.org/taxonomy/2021-03-24/full_ifrs/full_ifrs-cor_2021-03-24.xsd#ifrs-full_CurrentAssets" xlink:label="CurrentAssets" xlink:title="CurrentAssets"/><link:presentationArc xlink:type="arc" xlink:arcrole="http://www.xbrl.org/2003/arcrole/parent-child" xlink:from="CurrentAssetsAbstract" xlink:to="CurrentAssets" xlink:title="Presentation: CurrentAssetsAbstract to CurrentAssets" order="5.0" preferredLabel="http://www.xbrl.org/2003/role/totalLabel"/><link:loc xlink:type="locator" xlink:href="http://xbrl.ifrs.org/taxonomy/2021-03-24/full_ifrs/full_ifrs-cor_2021-03-24.xsd#ifrs-full_Assets" xlink:label="Assets" xlink:title="Assets"/><link:presentationArc xlink:type="arc" xlink:arcrole="http://www.xbrl.org/2003/arcrole/parent-child" xlink:from="AssetsAbstract" xlink:to="Assets" xlink:title="Presentation: AssetsAbstract to Assets" order="3.0" preferredLabel="http://www.xbrl.org/2003/role/totalLabel"/><link:loc xlink:type="locator" xlink:href="http://xbrl.ifrs.org/taxonomy/2021-03-24/full_ifrs/full_ifrs-cor_2021-03-24.xsd#ifrs-full_EquityAndLiabilitiesAbstract" xlink:label="EquityAndLiabilitiesAbstract" xlink:title="EquityAndLiabilitiesAbstract"/><link:presentationArc xlink:type="arc" xlink:arcrole="http://www.xbrl.org/2003/arcrole/parent-child" xlink:from="StatementOfFinancialPositionAbstract" xlink:to="EquityAndLiabilitiesAbstract" xlink:title="Presentation: StatementOfFinancialPositionAbstract to EquityAndLiabilitiesAbstract" order="2.0"/><link:loc xlink:type="locator" xlink:href="http://xbrl.ifrs.org/taxonomy/2021-03-24/full_ifrs/full_ifrs-cor_2021-03-24.xsd#ifrs-full_EquityAbstract" xlink:label="EquityAbstract" xlink:title="EquityAbstract"/><link:presentationArc xlink:type="arc" xlink:arcrole="http://www.xbrl.org/2003/arcrole/parent-child" xlink:from="EquityAndLiabilitiesAbstract" xlink:to="EquityAbstract" xlink:title="Presentation: EquityAndLiabilitiesAbstract to EquityAbstract" order="1.0"/><link:loc xlink:type="locator" xlink:href="http://xbrl.ifrs.org/taxonomy/2021-03-24/full_ifrs/full_ifrs-cor_2021-03-24.xsd#ifrs-full_IssuedCapital" xlink:label="IssuedCapital" xlink:title="IssuedCapital"/><link:presentationArc xlink:type="arc" xlink:arcrole="http://www.xbrl.org/2003/arcrole/parent-child" xlink:from="EquityAbstract" xlink:to="IssuedCapital" xlink:title="Presentation: EquityAbstract to IssuedCapital" order="1.0" preferredLabel="http://www.xbrl.org/2003/role/label"/><link:loc xlink:type="locator" xlink:href="http://xbrl.ifrs.org/taxonomy/2021-03-24/full_ifrs/full_ifrs-cor_2021-03-24.xsd#ifrs-full_RevaluationSurplus" xlink:label="RevaluationSurplus" xlink:title="RevaluationSurplus"/><link:presentationArc xlink:type="arc" xlink:arcrole="http://www.xbrl.org/2003/arcrole/parent-child" xlink:from="EquityAbstract" xlink:to="RevaluationSurplus" xlink:title="Presentation: EquityAbstract to RevaluationSurplus" order="2.0" preferredLabel="http://www.xbrl.org/2003/role/label"/><link:loc xlink:type="locator" xlink:href="21380021ZMHVZYWRTO10-2022-12-31.xsd#ΜΖΚ_MiscellaneousOtherReserves" xlink:label="MiscellaneousOtherReserves" xlink:title="MiscellaneousOtherReserves"/><link:presentationArc xlink:type="arc" xlink:arcrole="http://www.xbrl.org/2003/arcrole/parent-child" xlink:from="EquityAbstract" xlink:to="MiscellaneousOtherReserves" xlink:title="Presentation: EquityAbstract to MiscellaneousOtherReserves" order="3.0" preferredLabel="http://www.xbrl.org/2003/role/label"/><link:loc xlink:type="locator" xlink:href="http://xbrl.ifrs.org/taxonomy/2021-03-24/full_ifrs/full_ifrs-cor_2021-03-24.xsd#ifrs-full_RetainedEarnings" xlink:label="RetainedEarnings" xlink:title="RetainedEarnings"/><link:presentationArc xlink:type="arc" xlink:arcrole="http://www.xbrl.org/2003/arcrole/parent-child" xlink:from="EquityAbstract" xlink:to="RetainedEarnings" xlink:title="Presentation: EquityAbstract to RetainedEarnings" order="4.0" preferredLabel="http://www.xbrl.org/2003/role/label"/><link:loc xlink:type="locator" xlink:href="http://xbrl.ifrs.org/taxonomy/2021-03-24/full_ifrs/full_ifrs-cor_2021-03-24.xsd#ifrs-full_EquityAttributableToOwnersOfParent" xlink:label="EquityAttributableToOwnersOfParent" xlink:title="EquityAttributableToOwnersOfParent"/><link:presentationArc xlink:type="arc" xlink:arcrole="http://www.xbrl.org/2003/arcrole/parent-child" xlink:from="EquityAbstract" xlink:to="EquityAttributableToOwnersOfParent" xlink:title="Presentation: EquityAbstract to EquityAttributableToOwnersOfParent" order="5.0" preferredLabel="http://www.xbrl.org/2003/role/totalLabel"/><link:loc xlink:type="locator" xlink:href="http://xbrl.ifrs.org/taxonomy/2021-03-24/full_ifrs/full_ifrs-cor_2021-03-24.xsd#ifrs-full_NoncontrollingInterests" xlink:label="NoncontrollingInterests" xlink:title="NoncontrollingInterests"/><link:presentationArc xlink:type="arc" xlink:arcrole="http://www.xbrl.org/2003/arcrole/parent-child" xlink:from="EquityAbstract" xlink:to="NoncontrollingInterests" xlink:title="Presentation: EquityAbstract to NoncontrollingInterests" order="6.0" preferredLabel="http://www.xbrl.org/2003/role/label"/><link:loc xlink:type="locator" xlink:href="http://xbrl.ifrs.org/taxonomy/2021-03-24/full_ifrs/full_ifrs-cor_2021-03-24.xsd#ifrs-full_Equity" xlink:label="Equity" xlink:title="Equity"/><link:presentationArc xlink:type="arc" xlink:arcrole="http://www.xbrl.org/2003/arcrole/parent-child" xlink:from="EquityAbstract" xlink:to="Equity" xlink:title="Presentation: EquityAbstract to Equity" order="7.0" preferredLabel="http://www.xbrl.org/2003/role/totalLabel"/><link:loc xlink:type="locator" xlink:href="http://xbrl.ifrs.org/taxonomy/2021-03-24/full_ifrs/full_ifrs-cor_2021-03-24.xsd#ifrs-full_LiabilitiesAbstract" xlink:label="LiabilitiesAbstract" xlink:title="LiabilitiesAbstract"/><link:presentationArc xlink:type="arc" xlink:arcrole="http://www.xbrl.org/2003/arcrole/parent-child" xlink:from="EquityAndLiabilitiesAbstract" xlink:to="LiabilitiesAbstract" xlink:title="Presentation: EquityAndLiabilitiesAbstract to LiabilitiesAbstract" order="2.0"/><link:loc xlink:type="locator" xlink:href="http://xbrl.ifrs.org/taxonomy/2021-03-24/full_ifrs/full_ifrs-cor_2021-03-24.xsd#ifrs-full_NoncurrentLiabilitiesAbstract" xlink:label="NoncurrentLiabilitiesAbstract" xlink:title="NoncurrentLiabilitiesAbstract"/><link:presentationArc xlink:type="arc" xlink:arcrole="http://www.xbrl.org/2003/arcrole/parent-child" xlink:from="LiabilitiesAbstract" xlink:to="NoncurrentLiabilitiesAbstract" xlink:title="Presentation: LiabilitiesAbstract to NoncurrentLiabilitiesAbstract" order="1.0"/><link:loc xlink:type="locator" xlink:href="http://xbrl.ifrs.org/taxonomy/2021-03-24/full_ifrs/full_ifrs-cor_2021-03-24.xsd#ifrs-full_NoncurrentProvisionsForEmployeeBenefits" xlink:label="NoncurrentProvisionsForEmployeeBenefits" xlink:title="NoncurrentProvisionsForEmployeeBenefits"/><link:presentationArc xlink:type="arc" xlink:arcrole="http://www.xbrl.org/2003/arcrole/parent-child" xlink:from="NoncurrentLiabilitiesAbstract" xlink:to="NoncurrentProvisionsForEmployeeBenefits" xlink:title="Presentation: NoncurrentLiabilitiesAbstract to NoncurrentProvisionsForEmployeeBenefits" order="1.0" preferredLabel="http://www.xbrl.org/2003/role/label"/><link:loc xlink:type="locator" xlink:href="http://xbrl.ifrs.org/taxonomy/2021-03-24/full_ifrs/full_ifrs-cor_2021-03-24.xsd#ifrs-full_OtherLongtermProvisions" xlink:label="OtherLongtermProvisions" xlink:title="OtherLongtermProvisions"/><link:presentationArc xlink:type="arc" xlink:arcrole="http://www.xbrl.org/2003/arcrole/parent-child" xlink:from="NoncurrentLiabilitiesAbstract" xlink:to="OtherLongtermProvisions" xlink:title="Presentation: NoncurrentLiabilitiesAbstract to OtherLongtermProvisions" order="2.0" preferredLabel="http://www.xbrl.org/2003/role/label"/><link:loc xlink:type="locator" xlink:href="http://xbrl.ifrs.org/taxonomy/2021-03-24/full_ifrs/full_ifrs-cor_2021-03-24.xsd#ifrs-full_DeferredTaxLiabilities" xlink:label="DeferredTaxLiabilities" xlink:title="DeferredTaxLiabilities"/><link:presentationArc xlink:type="arc" xlink:arcrole="http://www.xbrl.org/2003/arcrole/parent-child" xlink:from="NoncurrentLiabilitiesAbstract" xlink:to="DeferredTaxLiabilities" xlink:title="Presentation: NoncurrentLiabilitiesAbstract to DeferredTaxLiabilities" order="3.0" preferredLabel="http://www.xbrl.org/2003/role/label"/><link:loc xlink:type="locator" xlink:href="http://xbrl.ifrs.org/taxonomy/2021-03-24/full_ifrs/full_ifrs-cor_2021-03-24.xsd#ifrs-full_OtherNoncurrentLiabilities" xlink:label="OtherNoncurrentLiabilities" xlink:title="OtherNoncurrentLiabilities"/><link:presentationArc xlink:type="arc" xlink:arcrole="http://www.xbrl.org/2003/arcrole/parent-child" xlink:from="NoncurrentLiabilitiesAbstract" xlink:to="OtherNoncurrentLiabilities" xlink:title="Presentation: NoncurrentLiabilitiesAbstract to OtherNoncurrentLiabilities" order="4.0" preferredLabel="http://www.xbrl.org/2003/role/label"/><link:loc xlink:type="locator" xlink:href="http://xbrl.ifrs.org/taxonomy/2021-03-24/full_ifrs/full_ifrs-cor_2021-03-24.xsd#ifrs-full_NoncurrentLiabilities" xlink:label="NoncurrentLiabilities" xlink:title="NoncurrentLiabilities"/><link:presentationArc xlink:type="arc" xlink:arcrole="http://www.xbrl.org/2003/arcrole/parent-child" xlink:from="NoncurrentLiabilitiesAbstract" xlink:to="NoncurrentLiabilities" xlink:title="Presentation: NoncurrentLiabilitiesAbstract to NoncurrentLiabilities" order="5.0" preferredLabel="http://www.xbrl.org/2003/role/totalLabel"/><link:loc xlink:type="locator" xlink:href="http://xbrl.ifrs.org/taxonomy/2021-03-24/full_ifrs/full_ifrs-cor_2021-03-24.xsd#ifrs-full_CurrentLiabilitiesAbstract" xlink:label="CurrentLiabilitiesAbstract" xlink:title="CurrentLiabilitiesAbstract"/><link:presentationArc xlink:type="arc" xlink:arcrole="http://www.xbrl.org/2003/arcrole/parent-child" xlink:from="LiabilitiesAbstract" xlink:to="CurrentLiabilitiesAbstract" xlink:title="Presentation: LiabilitiesAbstract to CurrentLiabilitiesAbstract" order="2.0"/><link:loc xlink:type="locator" xlink:href="http://xbrl.ifrs.org/taxonomy/2021-03-24/full_ifrs/full_ifrs-cor_2021-03-24.xsd#ifrs-full_TradeAndOtherCurrentPayables" xlink:label="TradeAndOtherCurrentPayables" xlink:title="TradeAndOtherCurrentPayables"/><link:presentationArc xlink:type="arc" xlink:arcrole="http://www.xbrl.org/2003/arcrole/parent-child" xlink:from="CurrentLiabilitiesAbstract" xlink:to="TradeAndOtherCurrentPayables" xlink:title="Presentation: CurrentLiabilitiesAbstract to TradeAndOtherCurrentPayables" order="1.0" preferredLabel="http://www.xbrl.org/2003/role/label"/><link:loc xlink:type="locator" xlink:href="http://xbrl.ifrs.org/taxonomy/2021-03-24/full_ifrs/full_ifrs-cor_2021-03-24.xsd#ifrs-full_CurrentTaxLiabilitiesCurrent" xlink:label="CurrentTaxLiabilitiesCurrent" xlink:title="CurrentTaxLiabilitiesCurrent"/><link:presentationArc xlink:type="arc" xlink:arcrole="http://www.xbrl.org/2003/arcrole/parent-child" xlink:from="CurrentLiabilitiesAbstract" xlink:to="CurrentTaxLiabilitiesCurrent" xlink:title="Presentation: CurrentLiabilitiesAbstract to CurrentTaxLiabilitiesCurrent" order="2.0" preferredLabel="http://www.xbrl.org/2003/role/label"/><link:loc xlink:type="locator" xlink:href="http://xbrl.ifrs.org/taxonomy/2021-03-24/full_ifrs/full_ifrs-cor_2021-03-24.xsd#ifrs-full_OtherCurrentLiabilities" xlink:label="OtherCurrentLiabilities" xlink:title="OtherCurrentLiabilities"/><link:presentationArc xlink:type="arc" xlink:arcrole="http://www.xbrl.org/2003/arcrole/parent-child" xlink:from="CurrentLiabilitiesAbstract" xlink:to="OtherCurrentLiabilities" xlink:title="Presentation: CurrentLiabilitiesAbstract to OtherCurrentLiabilities" order="3.0" preferredLabel="http://www.xbrl.org/2003/role/label"/><link:loc xlink:type="locator" xlink:href="http://xbrl.ifrs.org/taxonomy/2021-03-24/full_ifrs/full_ifrs-cor_2021-03-24.xsd#ifrs-full_CurrentLiabilities" xlink:label="CurrentLiabilities" xlink:title="CurrentLiabilities"/><link:presentationArc xlink:type="arc" xlink:arcrole="http://www.xbrl.org/2003/arcrole/parent-child" xlink:from="CurrentLiabilitiesAbstract" xlink:to="CurrentLiabilities" xlink:title="Presentation: CurrentLiabilitiesAbstract to CurrentLiabilities" order="4.0" preferredLabel="http://www.xbrl.org/2003/role/totalLabel"/><link:loc xlink:type="locator" xlink:href="http://xbrl.ifrs.org/taxonomy/2021-03-24/full_ifrs/full_ifrs-cor_2021-03-24.xsd#ifrs-full_Liabilities" xlink:label="Liabilities" xlink:title="Liabilities"/><link:presentationArc xlink:type="arc" xlink:arcrole="http://www.xbrl.org/2003/arcrole/parent-child" xlink:from="LiabilitiesAbstract" xlink:to="Liabilities" xlink:title="Presentation: LiabilitiesAbstract to Liabilities" order="3.0" preferredLabel="http://www.xbrl.org/2003/role/totalLabel"/><link:loc xlink:type="locator" xlink:href="http://xbrl.ifrs.org/taxonomy/2021-03-24/full_ifrs/full_ifrs-cor_2021-03-24.xsd#ifrs-full_EquityAndLiabilities" xlink:label="EquityAndLiabilities" xlink:title="EquityAndLiabilities"/><link:presentationArc xlink:type="arc" xlink:arcrole="http://www.xbrl.org/2003/arcrole/parent-child" xlink:from="EquityAndLiabilitiesAbstract" xlink:to="EquityAndLiabilities" xlink:title="Presentation: EquityAndLiabilitiesAbstract to EquityAndLiabilities" order="3.0" preferredLabel="http://www.xbrl.org/2003/role/totalLabel"/></link:presentationLink><link:presentationLink xlink:type="extended" xlink:role="http://mouzakis.gr/role/StatementOfComprehensiveIncome"><link:loc xlink:type="locator" xlink:href="http://xbrl.ifrs.org/taxonomy/2021-03-24/full_ifrs/full_ifrs-cor_2021-03-24.xsd#ifrs-full_StatementOfComprehensiveIncomeAbstract" xlink:label="StatementOfComprehensiveIncomeAbstract" xlink:title="StatementOfComprehensiveIncomeAbstract"/><link:loc xlink:type="locator" xlink:href="http://xbrl.ifrs.org/taxonomy/2021-03-24/full_ifrs/full_ifrs-cor_2021-03-24.xsd#ifrs-full_Revenue" xlink:label="Revenue" xlink:title="Revenue"/><link:presentationArc xlink:type="arc" xlink:arcrole="http://www.xbrl.org/2003/arcrole/parent-child" xlink:from="StatementOfComprehensiveIncomeAbstract" xlink:to="Revenue" xlink:title="Presentation: StatementOfComprehensiveIncomeAbstract to Revenue" order="1.0" preferredLabel="http://www.xbrl.org/2003/role/label"/><link:loc xlink:type="locator" xlink:href="http://xbrl.ifrs.org/taxonomy/2021-03-24/full_ifrs/full_ifrs-cor_2021-03-24.xsd#ifrs-full_CostOfSales" xlink:label="CostOfSales" xlink:title="CostOfSales"/><link:presentationArc xlink:type="arc" xlink:arcrole="http://www.xbrl.org/2003/arcrole/parent-child" xlink:from="StatementOfComprehensiveIncomeAbstract" xlink:to="CostOfSales" xlink:title="Presentation: StatementOfComprehensiveIncomeAbstract to CostOfSales" order="2.0" preferredLabel="http://www.xbrl.org/2003/role/label"/><link:loc xlink:type="locator" xlink:href="http://xbrl.ifrs.org/taxonomy/2021-03-24/full_ifrs/full_ifrs-cor_2021-03-24.xsd#ifrs-full_GrossProfit" xlink:label="GrossProfit" xlink:title="GrossProfit"/><link:presentationArc xlink:type="arc" xlink:arcrole="http://www.xbrl.org/2003/arcrole/parent-child" xlink:from="StatementOfComprehensiveIncomeAbstract" xlink:to="GrossProfit" xlink:title="Presentation: StatementOfComprehensiveIncomeAbstract to GrossProfit" order="3.0" preferredLabel="http://www.xbrl.org/2003/role/totalLabel"/><link:loc xlink:type="locator" xlink:href="http://xbrl.ifrs.org/taxonomy/2021-03-24/full_ifrs/full_ifrs-cor_2021-03-24.xsd#ifrs-full_OtherIncome" xlink:label="OtherIncome" xlink:title="OtherIncome"/><link:presentationArc xlink:type="arc" xlink:arcrole="http://www.xbrl.org/2003/arcrole/parent-child" xlink:from="StatementOfComprehensiveIncomeAbstract" xlink:to="OtherIncome" xlink:title="Presentation: StatementOfComprehensiveIncomeAbstract to OtherIncome" order="4.0" preferredLabel="http://www.xbrl.org/2003/role/label"/><link:loc xlink:type="locator" xlink:href="http://xbrl.ifrs.org/taxonomy/2021-03-24/full_ifrs/full_ifrs-cor_2021-03-24.xsd#ifrs-full_AdministrativeExpense" xlink:label="AdministrativeExpense" xlink:title="AdministrativeExpense"/><link:presentationArc xlink:type="arc" xlink:arcrole="http://www.xbrl.org/2003/arcrole/parent-child" xlink:from="StatementOfComprehensiveIncomeAbstract" xlink:to="AdministrativeExpense" xlink:title="Presentation: StatementOfComprehensiveIncomeAbstract to AdministrativeExpense" order="5.0" preferredLabel="http://www.xbrl.org/2003/role/label"/><link:loc xlink:type="locator" xlink:href="21380021ZMHVZYWRTO10-2022-12-31.xsd#ΜΖΚ_SellingExpenseAndDistributionCosts" xlink:label="SellingExpenseAndDistributionCosts" xlink:title="SellingExpenseAndDistributionCosts"/><link:presentationArc xlink:type="arc" xlink:arcrole="http://www.xbrl.org/2003/arcrole/parent-child" xlink:from="StatementOfComprehensiveIncomeAbstract" xlink:to="SellingExpenseAndDistributionCosts" xlink:title="Presentation: StatementOfComprehensiveIncomeAbstract to SellingExpenseAndDistributionCosts" order="6.0" preferredLabel="http://www.xbrl.org/2003/role/label"/><link:loc xlink:type="locator" xlink:href="http://xbrl.ifrs.org/taxonomy/2021-03-24/full_ifrs/full_ifrs-cor_2021-03-24.xsd#ifrs-full_OtherExpenseByFunction" xlink:label="OtherExpenseByFunction" xlink:title="OtherExpenseByFunction"/><link:presentationArc xlink:type="arc" xlink:arcrole="http://www.xbrl.org/2003/arcrole/parent-child" xlink:from="StatementOfComprehensiveIncomeAbstract" xlink:to="OtherExpenseByFunction" xlink:title="Presentation: StatementOfComprehensiveIncomeAbstract to OtherExpenseByFunction" order="7.0" preferredLabel="http://www.xbrl.org/2003/role/label"/><link:loc xlink:type="locator" xlink:href="http://xbrl.ifrs.org/taxonomy/2021-03-24/full_ifrs/full_ifrs-cor_2021-03-24.xsd#ifrs-full_ProfitLossFromOperatingActivities" xlink:label="ProfitLossFromOperatingActivities" xlink:title="ProfitLossFromOperatingActivities"/><link:presentationArc xlink:type="arc" xlink:arcrole="http://www.xbrl.org/2003/arcrole/parent-child" xlink:from="StatementOfComprehensiveIncomeAbstract" xlink:to="ProfitLossFromOperatingActivities" xlink:title="Presentation: StatementOfComprehensiveIncomeAbstract to ProfitLossFromOperatingActivities" order="8.0" preferredLabel="http://www.xbrl.org/2003/role/totalLabel"/><link:loc xlink:type="locator" xlink:href="http://xbrl.ifrs.org/taxonomy/2021-03-24/full_ifrs/full_ifrs-cor_2021-03-24.xsd#ifrs-full_FinanceIncome" xlink:label="FinanceIncome" xlink:title="FinanceIncome"/><link:presentationArc xlink:type="arc" xlink:arcrole="http://www.xbrl.org/2003/arcrole/parent-child" xlink:from="StatementOfComprehensiveIncomeAbstract" xlink:to="FinanceIncome" xlink:title="Presentation: StatementOfComprehensiveIncomeAbstract to FinanceIncome" order="9.0" preferredLabel="http://www.xbrl.org/2003/role/label"/><link:loc xlink:type="locator" xlink:href="http://xbrl.ifrs.org/taxonomy/2021-03-24/full_ifrs/full_ifrs-cor_2021-03-24.xsd#ifrs-full_FinanceCosts" xlink:label="FinanceCosts" xlink:title="FinanceCosts"/><link:presentationArc xlink:type="arc" xlink:arcrole="http://www.xbrl.org/2003/arcrole/parent-child" xlink:from="StatementOfComprehensiveIncomeAbstract" xlink:to="FinanceCosts" xlink:title="Presentation: StatementOfComprehensiveIncomeAbstract to FinanceCosts" order="10.0" preferredLabel="http://www.xbrl.org/2003/role/label"/><link:loc xlink:type="locator" xlink:href="http://xbrl.ifrs.org/taxonomy/2021-03-24/full_ifrs/full_ifrs-cor_2021-03-24.xsd#ifrs-full_ProfitLossBeforeTax" xlink:label="ProfitLossBeforeTax" xlink:title="ProfitLossBeforeTax"/><link:presentationArc xlink:type="arc" xlink:arcrole="http://www.xbrl.org/2003/arcrole/parent-child" xlink:from="StatementOfComprehensiveIncomeAbstract" xlink:to="ProfitLossBeforeTax" xlink:title="Presentation: StatementOfComprehensiveIncomeAbstract to ProfitLossBeforeTax" order="11.0" preferredLabel="http://www.xbrl.org/2003/role/totalLabel"/><link:loc xlink:type="locator" xlink:href="http://xbrl.ifrs.org/taxonomy/2021-03-24/full_ifrs/full_ifrs-cor_2021-03-24.xsd#ifrs-full_IncomeTaxExpenseContinuingOperations" xlink:label="IncomeTaxExpenseContinuingOperations" xlink:title="IncomeTaxExpenseContinuingOperations"/><link:presentationArc xlink:type="arc" xlink:arcrole="http://www.xbrl.org/2003/arcrole/parent-child" xlink:from="StatementOfComprehensiveIncomeAbstract" xlink:to="IncomeTaxExpenseContinuingOperations" xlink:title="Presentation: StatementOfComprehensiveIncomeAbstract to IncomeTaxExpenseContinuingOperations" order="12.0" preferredLabel="http://www.xbrl.org/2003/role/label"/><link:loc xlink:type="locator" xlink:href="http://xbrl.ifrs.org/taxonomy/2021-03-24/full_ifrs/full_ifrs-cor_2021-03-24.xsd#ifrs-full_ProfitLoss" xlink:label="ProfitLoss" xlink:title="ProfitLoss"/><link:presentationArc xlink:type="arc" xlink:arcrole="http://www.xbrl.org/2003/arcrole/parent-child" xlink:from="StatementOfComprehensiveIncomeAbstract" xlink:to="ProfitLoss" xlink:title="Presentation: StatementOfComprehensiveIncomeAbstract to ProfitLoss" order="13.0" preferredLabel="http://www.xbrl.org/2003/role/totalLabel"/><link:loc xlink:type="locator" xlink:href="http://xbrl.ifrs.org/taxonomy/2021-03-24/full_ifrs/full_ifrs-cor_2021-03-24.xsd#ifrs-full_OtherComprehensiveIncomeBeforeTaxGainsLossesOnRemeasurementsOfDefinedBenefitPlans" xlink:label="OtherComprehensiveIncomeBeforeTaxGainsLossesOnRemeasurementsOfDefinedBenefitPlans" xlink:title="OtherComprehensiveIncomeBeforeTaxGainsLossesOnRemeasurementsOfDefinedBenefitPlans"/><link:presentationArc xlink:type="arc" xlink:arcrole="http://www.xbrl.org/2003/arcrole/parent-child" xlink:from="StatementOfComprehensiveIncomeAbstract" xlink:to="OtherComprehensiveIncomeBeforeTaxGainsLossesOnRemeasurementsOfDefinedBenefitPlans" xlink:title="Presentation: StatementOfComprehensiveIncomeAbstract to OtherComprehensiveIncomeBeforeTaxGainsLossesOnRemeasurementsOfDefinedBenefitPlans" order="14.0" preferredLabel="http://www.xbrl.org/2003/role/label"/><link:loc xlink:type="locator" xlink:href="http://xbrl.ifrs.org/taxonomy/2021-03-24/full_ifrs/full_ifrs-cor_2021-03-24.xsd#ifrs-full_IncomeTaxRelatingToRemeasurementsOfDefinedBenefitPlansOfOtherComprehensiveIncome" xlink:label="IncomeTaxRelatingToRemeasurementsOfDefinedBenefitPlansOfOtherComprehensiveIncome" xlink:title="IncomeTaxRelatingToRemeasurementsOfDefinedBenefitPlansOfOtherComprehensiveIncome"/><link:presentationArc xlink:type="arc" xlink:arcrole="http://www.xbrl.org/2003/arcrole/parent-child" xlink:from="StatementOfComprehensiveIncomeAbstract" xlink:to="IncomeTaxRelatingToRemeasurementsOfDefinedBenefitPlansOfOtherComprehensiveIncome" xlink:title="Presentation: StatementOfComprehensiveIncomeAbstract to IncomeTaxRelatingToRemeasurementsOfDefinedBenefitPlansOfOtherComprehensiveIncome" order="15.0" preferredLabel="http://www.xbrl.org/2003/role/label"/><link:loc xlink:type="locator" xlink:href="http://xbrl.ifrs.org/taxonomy/2021-03-24/full_ifrs/full_ifrs-cor_2021-03-24.xsd#ifrs-full_OtherComprehensiveIncome" xlink:label="OtherComprehensiveIncome" xlink:title="OtherComprehensiveIncome"/><link:presentationArc xlink:type="arc" xlink:arcrole="http://www.xbrl.org/2003/arcrole/parent-child" xlink:from="StatementOfComprehensiveIncomeAbstract" xlink:to="OtherComprehensiveIncome" xlink:title="Presentation: StatementOfComprehensiveIncomeAbstract to OtherComprehensiveIncome" order="16.0" preferredLabel="http://www.xbrl.org/2003/role/totalLabel"/><link:loc xlink:type="locator" xlink:href="http://xbrl.ifrs.org/taxonomy/2021-03-24/full_ifrs/full_ifrs-cor_2021-03-24.xsd#ifrs-full_ComprehensiveIncome" xlink:label="ComprehensiveIncome" xlink:title="ComprehensiveIncome"/><link:presentationArc xlink:type="arc" xlink:arcrole="http://www.xbrl.org/2003/arcrole/parent-child" xlink:from="StatementOfComprehensiveIncomeAbstract" xlink:to="ComprehensiveIncome" xlink:title="Presentation: StatementOfComprehensiveIncomeAbstract to ComprehensiveIncome" order="17.0" preferredLabel="http://www.xbrl.org/2003/role/totalLabel"/><link:loc xlink:type="locator" xlink:href="http://xbrl.ifrs.org/taxonomy/2021-03-24/full_ifrs/full_ifrs-cor_2021-03-24.xsd#ifrs-full_ProfitLossAttributableToOwnersOfParent" xlink:label="ProfitLossAttributableToOwnersOfParent" xlink:title="ProfitLossAttributableToOwnersOfParent"/><link:presentationArc xlink:type="arc" xlink:arcrole="http://www.xbrl.org/2003/arcrole/parent-child" xlink:from="StatementOfComprehensiveIncomeAbstract" xlink:to="ProfitLossAttributableToOwnersOfParent" xlink:title="Presentation: StatementOfComprehensiveIncomeAbstract to ProfitLossAttributableToOwnersOfParent" order="18.0" preferredLabel="http://www.xbrl.org/2003/role/label"/><link:loc xlink:type="locator" xlink:href="http://xbrl.ifrs.org/taxonomy/2021-03-24/full_ifrs/full_ifrs-cor_2021-03-24.xsd#ifrs-full_ProfitLossAttributableToNoncontrollingInterests" xlink:label="ProfitLossAttributableToNoncontrollingInterests" xlink:title="ProfitLossAttributableToNoncontrollingInterests"/><link:presentationArc xlink:type="arc" xlink:arcrole="http://www.xbrl.org/2003/arcrole/parent-child" xlink:from="StatementOfComprehensiveIncomeAbstract" xlink:to="ProfitLossAttributableToNoncontrollingInterests" xlink:title="Presentation: StatementOfComprehensiveIncomeAbstract to ProfitLossAttributableToNoncontrollingInterests" order="19.0" preferredLabel="http://www.xbrl.org/2003/role/label"/><link:loc xlink:type="locator" xlink:href="http://xbrl.ifrs.org/taxonomy/2021-03-24/full_ifrs/full_ifrs-cor_2021-03-24.xsd#ifrs-full_ProfitLoss" xlink:label="ProfitLoss_1" xlink:title="ProfitLoss 2"/><link:presentationArc xlink:type="arc" xlink:arcrole="http://www.xbrl.org/2003/arcrole/parent-child" xlink:from="StatementOfComprehensiveIncomeAbstract" xlink:to="ProfitLoss_1" xlink:title="Presentation: StatementOfComprehensiveIncomeAbstract to ProfitLoss_1" order="20.0" preferredLabel="http://www.xbrl.org/2003/role/totalLabel"/><link:loc xlink:type="locator" xlink:href="http://xbrl.ifrs.org/taxonomy/2021-03-24/full_ifrs/full_ifrs-cor_2021-03-24.xsd#ifrs-full_ComprehensiveIncomeAttributableToOwnersOfParent" xlink:label="ComprehensiveIncomeAttributableToOwnersOfParent" xlink:title="ComprehensiveIncomeAttributableToOwnersOfParent"/><link:presentationArc xlink:type="arc" xlink:arcrole="http://www.xbrl.org/2003/arcrole/parent-child" xlink:from="StatementOfComprehensiveIncomeAbstract" xlink:to="ComprehensiveIncomeAttributableToOwnersOfParent" xlink:title="Presentation: StatementOfComprehensiveIncomeAbstract to ComprehensiveIncomeAttributableToOwnersOfParent" order="21.0" preferredLabel="http://www.xbrl.org/2003/role/label"/><link:loc xlink:type="locator" xlink:href="http://xbrl.ifrs.org/taxonomy/2021-03-24/full_ifrs/full_ifrs-cor_2021-03-24.xsd#ifrs-full_ComprehensiveIncomeAttributableToNoncontrollingInterests" xlink:label="ComprehensiveIncomeAttributableToNoncontrollingInterests" xlink:title="ComprehensiveIncomeAttributableToNoncontrollingInterests"/><link:presentationArc xlink:type="arc" xlink:arcrole="http://www.xbrl.org/2003/arcrole/parent-child" xlink:from="StatementOfComprehensiveIncomeAbstract" xlink:to="ComprehensiveIncomeAttributableToNoncontrollingInterests" xlink:title="Presentation: StatementOfComprehensiveIncomeAbstract to ComprehensiveIncomeAttributableToNoncontrollingInterests" order="22.0" preferredLabel="http://www.xbrl.org/2003/role/label"/><link:loc xlink:type="locator" xlink:href="http://xbrl.ifrs.org/taxonomy/2021-03-24/full_ifrs/full_ifrs-cor_2021-03-24.xsd#ifrs-full_ComprehensiveIncome" xlink:label="ComprehensiveIncome_1" xlink:title="ComprehensiveIncome 2"/><link:presentationArc xlink:type="arc" xlink:arcrole="http://www.xbrl.org/2003/arcrole/parent-child" xlink:from="StatementOfComprehensiveIncomeAbstract" xlink:to="ComprehensiveIncome_1" xlink:title="Presentation: StatementOfComprehensiveIncomeAbstract to ComprehensiveIncome_1" order="23.0" preferredLabel="http://www.xbrl.org/2003/role/totalLabel"/><link:loc xlink:type="locator" xlink:href="http://xbrl.ifrs.org/taxonomy/2021-03-24/full_ifrs/full_ifrs-cor_2021-03-24.xsd#ifrs-full_BasicEarningsLossPerShare" xlink:label="BasicEarningsLossPerShare" xlink:title="BasicEarningsLossPerShare"/><link:presentationArc xlink:type="arc" xlink:arcrole="http://www.xbrl.org/2003/arcrole/parent-child" xlink:from="StatementOfComprehensiveIncomeAbstract" xlink:to="BasicEarningsLossPerShare" xlink:title="Presentation: StatementOfComprehensiveIncomeAbstract to BasicEarningsLossPerShare" order="24.0" preferredLabel="http://www.xbrl.org/2003/role/label"/><link:loc xlink:type="locator" xlink:href="21380021ZMHVZYWRTO10-2022-12-31.xsd#ΜΖΚ_ProfitLossFromOperatingActivitiesBeforeInterestTaxesDepreciationAndAmortisationExpense" xlink:label="ProfitLossFromOperatingActivitiesBeforeInterestTaxesDepreciationAndAmortisationExpense" xlink:title="ProfitLossFromOperatingActivitiesBeforeInterestTaxesDepreciationAndAmortisationExpense"/><link:presentationArc xlink:type="arc" xlink:arcrole="http://www.xbrl.org/2003/arcrole/parent-child" xlink:from="StatementOfComprehensiveIncomeAbstract" xlink:to="ProfitLossFromOperatingActivitiesBeforeInterestTaxesDepreciationAndAmortisationExpense" xlink:title="Presentation: StatementOfComprehensiveIncomeAbstract to ProfitLossFromOperatingActivitiesBeforeInterestTaxesDepreciationAndAmortisationExpense" order="25.0" preferredLabel="http://www.xbrl.org/2003/role/label"/></link:presentationLink><link:presentationLink xlink:type="extended" xlink:role="http://mouzakis.gr/role/ChangesinEquity"><link:loc xlink:type="locator" xlink:href="http://xbrl.ifrs.org/taxonomy/2021-03-24/full_ifrs/full_ifrs-cor_2021-03-24.xsd#ifrs-full_StatementOfChangesInEquityAbstract" xlink:label="StatementOfChangesInEquityAbstract" xlink:title="StatementOfChangesInEquityAbstract"/><link:loc xlink:type="locator" xlink:href="http://xbrl.ifrs.org/taxonomy/2021-03-24/full_ifrs/full_ifrs-cor_2021-03-24.xsd#ifrs-full_StatementOfChangesInEquityTable" xlink:label="ifrs-full_StatementOfChangesInEquityTable" xlink:title=""/><link:presentationArc xlink:type="arc" xlink:arcrole="http://www.xbrl.org/2003/arcrole/parent-child" xlink:from="StatementOfChangesInEquityAbstract" xlink:to="ifrs-full_StatementOfChangesInEquityTable" xlink:title="Presentation: StatementOfChangesInEquityAbstract to ifrs-full_StatementOfChangesInEquityTable" order="1.0"/><link:loc xlink:type="locator" xlink:href="http://xbrl.ifrs.org/taxonomy/2021-03-24/full_ifrs/full_ifrs-cor_2021-03-24.xsd#ifrs-full_ComponentsOfEquityAxis" xlink:label="ComponentsOfEquityAxis" xlink:title=""/><link:presentationArc xlink:type="arc" xlink:arcrole="http://www.xbrl.org/2003/arcrole/parent-child" xlink:from="ifrs-full_StatementOfChangesInEquityTable" xlink:to="ComponentsOfEquityAxis" xlink:title="Presentation:  to ComponentsOfEquityAxis" order="1.0"/><link:loc xlink:type="locator" xlink:href="http://xbrl.ifrs.org/taxonomy/2021-03-24/full_ifrs/full_ifrs-cor_2021-03-24.xsd#ifrs-full_EquityMember" xlink:label="EquityMember" xlink:title=""/><link:presentationArc xlink:type="arc" xlink:arcrole="http://www.xbrl.org/2003/arcrole/parent-child" xlink:from="ComponentsOfEquityAxis" xlink:to="EquityMember" xlink:title="Presentation:  to EquityMember" order="1.0"/><link:loc xlink:type="locator" xlink:href="http://xbrl.ifrs.org/taxonomy/2021-03-24/full_ifrs/full_ifrs-cor_2021-03-24.xsd#ifrs-full_EquityAttributableToOwnersOfParentMember" xlink:label="EquityAttributableToOwnersOfParentMember" xlink:title=""/><link:presentationArc xlink:type="arc" xlink:arcrole="http://www.xbrl.org/2003/arcrole/parent-child" xlink:from="EquityMember" xlink:to="EquityAttributableToOwnersOfParentMember" xlink:title="Presentation:  to EquityAttributableToOwnersOfParentMember" order="1.0"/><link:loc xlink:type="locator" xlink:href="http://xbrl.ifrs.org/taxonomy/2021-03-24/full_ifrs/full_ifrs-cor_2021-03-24.xsd#ifrs-full_IssuedCapitalMember" xlink:label="IssuedCapitalMember" xlink:title=""/><link:presentationArc xlink:type="arc" xlink:arcrole="http://www.xbrl.org/2003/arcrole/parent-child" xlink:from="EquityAttributableToOwnersOfParentMember" xlink:to="IssuedCapitalMember" xlink:title="Presentation:  to IssuedCapitalMember" order="1.0"/><link:loc xlink:type="locator" xlink:href="http://xbrl.ifrs.org/taxonomy/2021-03-24/full_ifrs/full_ifrs-cor_2021-03-24.xsd#ifrs-full_RevaluationSurplusMember" xlink:label="RevaluationSurplusMember" xlink:title=""/><link:presentationArc xlink:type="arc" xlink:arcrole="http://www.xbrl.org/2003/arcrole/parent-child" xlink:from="EquityAttributableToOwnersOfParentMember" xlink:to="RevaluationSurplusMember" xlink:title="Presentation:  to RevaluationSurplusMember" order="2.0"/><link:loc xlink:type="locator" xlink:href="http://xbrl.ifrs.org/taxonomy/2021-03-24/full_ifrs/full_ifrs-cor_2021-03-24.xsd#ifrs-full_MiscellaneousOtherReservesMember" xlink:label="MiscellaneousOtherReservesMember" xlink:title=""/><link:presentationArc xlink:type="arc" xlink:arcrole="http://www.xbrl.org/2003/arcrole/parent-child" xlink:from="EquityAttributableToOwnersOfParentMember" xlink:to="MiscellaneousOtherReservesMember" xlink:title="Presentation:  to MiscellaneousOtherReservesMember" order="3.0"/><link:loc xlink:type="locator" xlink:href="http://xbrl.ifrs.org/taxonomy/2021-03-24/full_ifrs/full_ifrs-cor_2021-03-24.xsd#ifrs-full_RetainedEarningsMember" xlink:label="RetainedEarningsMember" xlink:title=""/><link:presentationArc xlink:type="arc" xlink:arcrole="http://www.xbrl.org/2003/arcrole/parent-child" xlink:from="EquityAttributableToOwnersOfParentMember" xlink:to="RetainedEarningsMember" xlink:title="Presentation:  to RetainedEarningsMember" order="4.0"/><link:loc xlink:type="locator" xlink:href="http://xbrl.ifrs.org/taxonomy/2021-03-24/full_ifrs/full_ifrs-cor_2021-03-24.xsd#ifrs-full_NoncontrollingInterestsMember" xlink:label="NoncontrollingInterestsMember" xlink:title=""/><link:presentationArc xlink:type="arc" xlink:arcrole="http://www.xbrl.org/2003/arcrole/parent-child" xlink:from="EquityMember" xlink:to="NoncontrollingInterestsMember" xlink:title="Presentation:  to NoncontrollingInterestsMember" order="2.0"/><link:loc xlink:type="locator" xlink:href="http://xbrl.ifrs.org/taxonomy/2021-03-24/full_ifrs/full_ifrs-cor_2021-03-24.xsd#ifrs-full_StatementOfChangesInEquityLineItems" xlink:label="StatementOfChangesInEquityLineItems" xlink:title="StatementOfChangesInEquityLineItems"/><link:presentationArc xlink:type="arc" xlink:arcrole="http://www.xbrl.org/2003/arcrole/parent-child" xlink:from="StatementOfChangesInEquityAbstract" xlink:to="StatementOfChangesInEquityLineItems" xlink:title="Presentation: StatementOfChangesInEquityAbstract to StatementOfChangesInEquityLineItems" order="2.0"/><link:loc xlink:type="locator" xlink:href="http://xbrl.ifrs.org/taxonomy/2021-03-24/full_ifrs/full_ifrs-cor_2021-03-24.xsd#ifrs-full_Equity" xlink:label="Equity" xlink:title="Equity"/><link:presentationArc xlink:type="arc" xlink:arcrole="http://www.xbrl.org/2003/arcrole/parent-child" xlink:from="StatementOfChangesInEquityLineItems" xlink:to="Equity" xlink:title="Presentation: StatementOfChangesInEquityLineItems to Equity" order="1.0" preferredLabel="http://www.xbrl.org/2003/role/periodStartLabel"/><link:loc xlink:type="locator" xlink:href="http://xbrl.ifrs.org/taxonomy/2021-03-24/full_ifrs/full_ifrs-cor_2021-03-24.xsd#ifrs-full_IncreaseDecreaseThroughTransfersAndOtherChangesEquity" xlink:label="IncreaseDecreaseThroughTransfersAndOtherChangesEquity" xlink:title="IncreaseDecreaseThroughTransfersAndOtherChangesEquity"/><link:presentationArc xlink:type="arc" xlink:arcrole="http://www.xbrl.org/2003/arcrole/parent-child" xlink:from="StatementOfChangesInEquityLineItems" xlink:to="IncreaseDecreaseThroughTransfersAndOtherChangesEquity" xlink:title="Presentation: StatementOfChangesInEquityLineItems to IncreaseDecreaseThroughTransfersAndOtherChangesEquity" order="2.0" preferredLabel="http://www.xbrl.org/2003/role/label"/><link:loc xlink:type="locator" xlink:href="http://xbrl.ifrs.org/taxonomy/2021-03-24/full_ifrs/full_ifrs-cor_2021-03-24.xsd#ifrs-full_OtherComprehensiveIncomeNetOfTaxGainsLossesOnRevaluation" xlink:label="OtherComprehensiveIncomeNetOfTaxGainsLossesOnRevaluation" xlink:title="OtherComprehensiveIncomeNetOfTaxGainsLossesOnRevaluation"/><link:presentationArc xlink:type="arc" xlink:arcrole="http://www.xbrl.org/2003/arcrole/parent-child" xlink:from="StatementOfChangesInEquityLineItems" xlink:to="OtherComprehensiveIncomeNetOfTaxGainsLossesOnRevaluation" xlink:title="Presentation: StatementOfChangesInEquityLineItems to OtherComprehensiveIncomeNetOfTaxGainsLossesOnRevaluation" order="3.0" preferredLabel="http://www.xbrl.org/2003/role/label"/><link:loc xlink:type="locator" xlink:href="http://xbrl.ifrs.org/taxonomy/2021-03-24/full_ifrs/full_ifrs-cor_2021-03-24.xsd#ifrs-full_ComprehensiveIncome" xlink:label="ComprehensiveIncome" xlink:title="ComprehensiveIncome"/><link:presentationArc xlink:type="arc" xlink:arcrole="http://www.xbrl.org/2003/arcrole/parent-child" xlink:from="StatementOfChangesInEquityLineItems" xlink:to="ComprehensiveIncome" xlink:title="Presentation: StatementOfChangesInEquityLineItems to ComprehensiveIncome" order="4.0" preferredLabel="http://www.xbrl.org/2003/role/label"/><link:loc xlink:type="locator" xlink:href="http://xbrl.ifrs.org/taxonomy/2021-03-24/full_ifrs/full_ifrs-cor_2021-03-24.xsd#ifrs-full_Equity" xlink:label="Equity_1" xlink:title="Equity 2"/><link:presentationArc xlink:type="arc" xlink:arcrole="http://www.xbrl.org/2003/arcrole/parent-child" xlink:from="StatementOfChangesInEquityLineItems" xlink:to="Equity_1" xlink:title="Presentation: StatementOfChangesInEquityLineItems to Equity_1" order="5.0" preferredLabel="http://www.xbrl.org/2003/role/periodEndLabel"/></link:presentationLink><link:presentationLink xlink:type="extended" xlink:role="http://mouzakis.gr/role/CashFlowStatement"><link:loc xlink:type="locator" xlink:href="http://xbrl.ifrs.org/taxonomy/2021-03-24/full_ifrs/full_ifrs-cor_2021-03-24.xsd#ifrs-full_StatementOfCashFlowsAbstract" xlink:label="StatementOfCashFlowsAbstract" xlink:title="StatementOfCashFlowsAbstract"/><link:loc xlink:type="locator" xlink:href="http://xbrl.ifrs.org/taxonomy/2021-03-24/full_ifrs/full_ifrs-cor_2021-03-24.xsd#ifrs-full_CashFlowsFromUsedInOperatingActivitiesAbstract" xlink:label="CashFlowsFromUsedInOperatingActivitiesAbstract" xlink:title="CashFlowsFromUsedInOperatingActivitiesAbstract"/><link:presentationArc xlink:type="arc" xlink:arcrole="http://www.xbrl.org/2003/arcrole/parent-child" xlink:from="StatementOfCashFlowsAbstract" xlink:to="CashFlowsFromUsedInOperatingActivitiesAbstract" xlink:title="Presentation: StatementOfCashFlowsAbstract to CashFlowsFromUsedInOperatingActivitiesAbstract" order="1.0"/><link:loc xlink:type="locator" xlink:href="http://xbrl.ifrs.org/taxonomy/2021-03-24/full_ifrs/full_ifrs-cor_2021-03-24.xsd#ifrs-full_ProfitLossBeforeTax" xlink:label="ProfitLossBeforeTax" xlink:title="ProfitLossBeforeTax"/><link:presentationArc xlink:type="arc" xlink:arcrole="http://www.xbrl.org/2003/arcrole/parent-child" xlink:from="CashFlowsFromUsedInOperatingActivitiesAbstract" xlink:to="ProfitLossBeforeTax" xlink:title="Presentation: CashFlowsFromUsedInOperatingActivitiesAbstract to ProfitLossBeforeTax" order="1.0" preferredLabel="http://www.xbrl.org/2003/role/label"/><link:loc xlink:type="locator" xlink:href="http://xbrl.ifrs.org/taxonomy/2021-03-24/full_ifrs/full_ifrs-cor_2021-03-24.xsd#ifrs-full_AdjustmentsForDepreciationAndAmortisationExpense" xlink:label="AdjustmentsForDepreciationAndAmortisationExpense" xlink:title="AdjustmentsForDepreciationAndAmortisationExpense"/><link:presentationArc xlink:type="arc" xlink:arcrole="http://www.xbrl.org/2003/arcrole/parent-child" xlink:from="CashFlowsFromUsedInOperatingActivitiesAbstract" xlink:to="AdjustmentsForDepreciationAndAmortisationExpense" xlink:title="Presentation: CashFlowsFromUsedInOperatingActivitiesAbstract to AdjustmentsForDepreciationAndAmortisationExpense" order="2.0" preferredLabel="http://www.xbrl.org/2003/role/label"/><link:loc xlink:type="locator" xlink:href="http://xbrl.ifrs.org/taxonomy/2021-03-24/full_ifrs/full_ifrs-cor_2021-03-24.xsd#ifrs-full_AdjustmentsForProvisions" xlink:label="AdjustmentsForProvisions" xlink:title="AdjustmentsForProvisions"/><link:presentationArc xlink:type="arc" xlink:arcrole="http://www.xbrl.org/2003/arcrole/parent-child" xlink:from="CashFlowsFromUsedInOperatingActivitiesAbstract" xlink:to="AdjustmentsForProvisions" xlink:title="Presentation: CashFlowsFromUsedInOperatingActivitiesAbstract to AdjustmentsForProvisions" order="3.0" preferredLabel="http://www.xbrl.org/2003/role/label"/><link:loc xlink:type="locator" xlink:href="http://xbrl.ifrs.org/taxonomy/2021-03-24/full_ifrs/full_ifrs-cor_2021-03-24.xsd#ifrs-full_AdjustmentsForUnrealisedForeignExchangeLossesGains" xlink:label="AdjustmentsForUnrealisedForeignExchangeLossesGains" xlink:title="AdjustmentsForUnrealisedForeignExchangeLossesGains"/><link:presentationArc xlink:type="arc" xlink:arcrole="http://www.xbrl.org/2003/arcrole/parent-child" xlink:from="CashFlowsFromUsedInOperatingActivitiesAbstract" xlink:to="AdjustmentsForUnrealisedForeignExchangeLossesGains" xlink:title="Presentation: CashFlowsFromUsedInOperatingActivitiesAbstract to AdjustmentsForUnrealisedForeignExchangeLossesGains" order="4.0" preferredLabel="http://www.xbrl.org/2003/role/label"/><link:loc xlink:type="locator" xlink:href="21380021ZMHVZYWRTO10-2022-12-31.xsd#ΜΖΚ_AdjustmentsForInvestmentIncome" xlink:label="AdjustmentsForInvestmentIncome" xlink:title="AdjustmentsForInvestmentIncome"/><link:presentationArc xlink:type="arc" xlink:arcrole="http://www.xbrl.org/2003/arcrole/parent-child" xlink:from="CashFlowsFromUsedInOperatingActivitiesAbstract" xlink:to="AdjustmentsForInvestmentIncome" xlink:title="Presentation: CashFlowsFromUsedInOperatingActivitiesAbstract to AdjustmentsForInvestmentIncome" order="5.0" preferredLabel="http://www.xbrl.org/2003/role/label"/><link:loc xlink:type="locator" xlink:href="http://xbrl.ifrs.org/taxonomy/2021-03-24/full_ifrs/full_ifrs-cor_2021-03-24.xsd#ifrs-full_AdjustmentsForInterestExpense" xlink:label="AdjustmentsForInterestExpense" xlink:title="AdjustmentsForInterestExpense"/><link:presentationArc xlink:type="arc" xlink:arcrole="http://www.xbrl.org/2003/arcrole/parent-child" xlink:from="CashFlowsFromUsedInOperatingActivitiesAbstract" xlink:to="AdjustmentsForInterestExpense" xlink:title="Presentation: CashFlowsFromUsedInOperatingActivitiesAbstract to AdjustmentsForInterestExpense" order="6.0" preferredLabel="http://www.xbrl.org/2003/role/label"/><link:loc xlink:type="locator" xlink:href="http://xbrl.ifrs.org/taxonomy/2021-03-24/full_ifrs/full_ifrs-cor_2021-03-24.xsd#ifrs-full_AdjustmentsForDecreaseIncreaseInInventories" xlink:label="AdjustmentsForDecreaseIncreaseInInventories" xlink:title="AdjustmentsForDecreaseIncreaseInInventories"/><link:presentationArc xlink:type="arc" xlink:arcrole="http://www.xbrl.org/2003/arcrole/parent-child" xlink:from="CashFlowsFromUsedInOperatingActivitiesAbstract" xlink:to="AdjustmentsForDecreaseIncreaseInInventories" xlink:title="Presentation: CashFlowsFromUsedInOperatingActivitiesAbstract to AdjustmentsForDecreaseIncreaseInInventories" order="7.0" preferredLabel="http://www.xbrl.org/2003/role/label"/><link:loc xlink:type="locator" xlink:href="http://xbrl.ifrs.org/taxonomy/2021-03-24/full_ifrs/full_ifrs-cor_2021-03-24.xsd#ifrs-full_AdjustmentsForDecreaseIncreaseInTradeAndOtherReceivables" xlink:label="AdjustmentsForDecreaseIncreaseInTradeAndOtherReceivables" xlink:title="AdjustmentsForDecreaseIncreaseInTradeAndOtherReceivables"/><link:presentationArc xlink:type="arc" xlink:arcrole="http://www.xbrl.org/2003/arcrole/parent-child" xlink:from="CashFlowsFromUsedInOperatingActivitiesAbstract" xlink:to="AdjustmentsForDecreaseIncreaseInTradeAndOtherReceivables" xlink:title="Presentation: CashFlowsFromUsedInOperatingActivitiesAbstract to AdjustmentsForDecreaseIncreaseInTradeAndOtherReceivables" order="8.0" preferredLabel="http://www.xbrl.org/2003/role/label"/><link:loc xlink:type="locator" xlink:href="http://xbrl.ifrs.org/taxonomy/2021-03-24/full_ifrs/full_ifrs-cor_2021-03-24.xsd#ifrs-full_AdjustmentsForIncreaseDecreaseInTradeAndOtherPayables" xlink:label="AdjustmentsForIncreaseDecreaseInTradeAndOtherPayables" xlink:title="AdjustmentsForIncreaseDecreaseInTradeAndOtherPayables"/><link:presentationArc xlink:type="arc" xlink:arcrole="http://www.xbrl.org/2003/arcrole/parent-child" xlink:from="CashFlowsFromUsedInOperatingActivitiesAbstract" xlink:to="AdjustmentsForIncreaseDecreaseInTradeAndOtherPayables" xlink:title="Presentation: CashFlowsFromUsedInOperatingActivitiesAbstract to AdjustmentsForIncreaseDecreaseInTradeAndOtherPayables" order="9.0" preferredLabel="http://www.xbrl.org/2003/role/label"/><link:loc xlink:type="locator" xlink:href="http://xbrl.ifrs.org/taxonomy/2021-03-24/full_ifrs/full_ifrs-cor_2021-03-24.xsd#ifrs-full_InterestPaidClassifiedAsOperatingActivities" xlink:label="InterestPaidClassifiedAsOperatingActivities" xlink:title="InterestPaidClassifiedAsOperatingActivities"/><link:presentationArc xlink:type="arc" xlink:arcrole="http://www.xbrl.org/2003/arcrole/parent-child" xlink:from="CashFlowsFromUsedInOperatingActivitiesAbstract" xlink:to="InterestPaidClassifiedAsOperatingActivities" xlink:title="Presentation: CashFlowsFromUsedInOperatingActivitiesAbstract to InterestPaidClassifiedAsOperatingActivities" order="10.0" preferredLabel="http://www.xbrl.org/2003/role/label"/><link:loc xlink:type="locator" xlink:href="http://xbrl.ifrs.org/taxonomy/2021-03-24/full_ifrs/full_ifrs-cor_2021-03-24.xsd#ifrs-full_IncomeTaxesPaidClassifiedAsOperatingActivities" xlink:label="IncomeTaxesPaidClassifiedAsOperatingActivities" xlink:title="IncomeTaxesPaidClassifiedAsOperatingActivities"/><link:presentationArc xlink:type="arc" xlink:arcrole="http://www.xbrl.org/2003/arcrole/parent-child" xlink:from="CashFlowsFromUsedInOperatingActivitiesAbstract" xlink:to="IncomeTaxesPaidClassifiedAsOperatingActivities" xlink:title="Presentation: CashFlowsFromUsedInOperatingActivitiesAbstract to IncomeTaxesPaidClassifiedAsOperatingActivities" order="11.0" preferredLabel="http://www.xbrl.org/2003/role/label"/><link:loc xlink:type="locator" xlink:href="http://xbrl.ifrs.org/taxonomy/2021-03-24/full_ifrs/full_ifrs-cor_2021-03-24.xsd#ifrs-full_CashFlowsFromUsedInOperatingActivities" xlink:label="CashFlowsFromUsedInOperatingActivities" xlink:title="CashFlowsFromUsedInOperatingActivities"/><link:presentationArc xlink:type="arc" xlink:arcrole="http://www.xbrl.org/2003/arcrole/parent-child" xlink:from="CashFlowsFromUsedInOperatingActivitiesAbstract" xlink:to="CashFlowsFromUsedInOperatingActivities" xlink:title="Presentation: CashFlowsFromUsedInOperatingActivitiesAbstract to CashFlowsFromUsedInOperatingActivities" order="12.0" preferredLabel="http://www.xbrl.org/2003/role/totalLabel"/><link:loc xlink:type="locator" xlink:href="http://xbrl.ifrs.org/taxonomy/2021-03-24/full_ifrs/full_ifrs-cor_2021-03-24.xsd#ifrs-full_CashFlowsFromUsedInInvestingActivitiesAbstract" xlink:label="CashFlowsFromUsedInInvestingActivitiesAbstract" xlink:title="CashFlowsFromUsedInInvestingActivitiesAbstract"/><link:presentationArc xlink:type="arc" xlink:arcrole="http://www.xbrl.org/2003/arcrole/parent-child" xlink:from="StatementOfCashFlowsAbstract" xlink:to="CashFlowsFromUsedInInvestingActivitiesAbstract" xlink:title="Presentation: StatementOfCashFlowsAbstract to CashFlowsFromUsedInInvestingActivitiesAbstract" order="2.0"/><link:loc xlink:type="locator" xlink:href="21380021ZMHVZYWRTO10-2022-12-31.xsd#ΜΖΚ_PurchaseOfPropertyPlantAndEquipmentAndPurchaseOfIntangibleAssetsClassifiedAsInvestingActivities" xlink:label="PurchaseOfPropertyPlantAndEquipmentAndPurchaseOfIntangibleAssetsClassifiedAsInvestingActivities" xlink:title="PurchaseOfPropertyPlantAndEquipmentAndPurchaseOfIntangibleAssetsClassifiedAsInvestingActivities"/><link:presentationArc xlink:type="arc" xlink:arcrole="http://www.xbrl.org/2003/arcrole/parent-child" xlink:from="CashFlowsFromUsedInInvestingActivitiesAbstract" xlink:to="PurchaseOfPropertyPlantAndEquipmentAndPurchaseOfIntangibleAssetsClassifiedAsInvestingActivities" xlink:title="Presentation: CashFlowsFromUsedInInvestingActivitiesAbstract to PurchaseOfPropertyPlantAndEquipmentAndPurchaseOfIntangibleAssetsClassifiedAsInvestingActivities" order="1.0" preferredLabel="http://www.xbrl.org/2003/role/label"/><link:loc xlink:type="locator" xlink:href="21380021ZMHVZYWRTO10-2022-12-31.xsd#ΜΖΚ_ProceedsFromSalesOfPropertyPlantAndEquipmentAndProceedsFromSalesOfIntangibleAssetsClassifiedAsInvestingActivities" xlink:label="ProceedsFromSalesOfPropertyPlantAndEquipmentAndProceedsFromSalesOfIntangibleAssetsClassifiedAsInvestingActivities" xlink:title="ProceedsFromSalesOfPropertyPlantAndEquipmentAndProceedsFromSalesOfIntangibleAssetsClassifiedAsInvestingActivities"/><link:presentationArc xlink:type="arc" xlink:arcrole="http://www.xbrl.org/2003/arcrole/parent-child" xlink:from="CashFlowsFromUsedInInvestingActivitiesAbstract" xlink:to="ProceedsFromSalesOfPropertyPlantAndEquipmentAndProceedsFromSalesOfIntangibleAssetsClassifiedAsInvestingActivities" xlink:title="Presentation: CashFlowsFromUsedInInvestingActivitiesAbstract to ProceedsFromSalesOfPropertyPlantAndEquipmentAndProceedsFromSalesOfIntangibleAssetsClassifiedAsInvestingActivities" order="2.0" preferredLabel="http://www.xbrl.org/2003/role/label"/><link:loc xlink:type="locator" xlink:href="http://xbrl.ifrs.org/taxonomy/2021-03-24/full_ifrs/full_ifrs-cor_2021-03-24.xsd#ifrs-full_InterestReceivedClassifiedAsInvestingActivities" xlink:label="InterestReceivedClassifiedAsInvestingActivities" xlink:title="InterestReceivedClassifiedAsInvestingActivities"/><link:presentationArc xlink:type="arc" xlink:arcrole="http://www.xbrl.org/2003/arcrole/parent-child" xlink:from="CashFlowsFromUsedInInvestingActivitiesAbstract" xlink:to="InterestReceivedClassifiedAsInvestingActivities" xlink:title="Presentation: CashFlowsFromUsedInInvestingActivitiesAbstract to InterestReceivedClassifiedAsInvestingActivities" order="3.0" preferredLabel="http://www.xbrl.org/2003/role/label"/><link:loc xlink:type="locator" xlink:href="http://xbrl.ifrs.org/taxonomy/2021-03-24/full_ifrs/full_ifrs-cor_2021-03-24.xsd#ifrs-full_CashFlowsFromUsedInInvestingActivities" xlink:label="CashFlowsFromUsedInInvestingActivities" xlink:title="CashFlowsFromUsedInInvestingActivities"/><link:presentationArc xlink:type="arc" xlink:arcrole="http://www.xbrl.org/2003/arcrole/parent-child" xlink:from="CashFlowsFromUsedInInvestingActivitiesAbstract" xlink:to="CashFlowsFromUsedInInvestingActivities" xlink:title="Presentation: CashFlowsFromUsedInInvestingActivitiesAbstract to CashFlowsFromUsedInInvestingActivities" order="4.0" preferredLabel="http://www.xbrl.org/2003/role/totalLabel"/><link:loc xlink:type="locator" xlink:href="http://xbrl.ifrs.org/taxonomy/2021-03-24/full_ifrs/full_ifrs-cor_2021-03-24.xsd#ifrs-full_CashFlowsFromUsedInFinancingActivitiesAbstract" xlink:label="CashFlowsFromUsedInFinancingActivitiesAbstract" xlink:title="CashFlowsFromUsedInFinancingActivitiesAbstract"/><link:presentationArc xlink:type="arc" xlink:arcrole="http://www.xbrl.org/2003/arcrole/parent-child" xlink:from="StatementOfCashFlowsAbstract" xlink:to="CashFlowsFromUsedInFinancingActivitiesAbstract" xlink:title="Presentation: StatementOfCashFlowsAbstract to CashFlowsFromUsedInFinancingActivitiesAbstract" order="3.0"/><link:loc xlink:type="locator" xlink:href="21380021ZMHVZYWRTO10-2022-12-31.xsd#ΜΖΚ_ProceedsFromBorrowingsAndRepaymentsOfBorrowingsClassifiedAsFinancingActivities" xlink:label="ProceedsFromBorrowingsAndRepaymentsOfBorrowingsClassifiedAsFinancingActivities" xlink:title="ProceedsFromBorrowingsAndRepaymentsOfBorrowingsClassifiedAsFinancingActivities"/><link:presentationArc xlink:type="arc" xlink:arcrole="http://www.xbrl.org/2003/arcrole/parent-child" xlink:from="CashFlowsFromUsedInFinancingActivitiesAbstract" xlink:to="ProceedsFromBorrowingsAndRepaymentsOfBorrowingsClassifiedAsFinancingActivities" xlink:title="Presentation: CashFlowsFromUsedInFinancingActivitiesAbstract to ProceedsFromBorrowingsAndRepaymentsOfBorrowingsClassifiedAsFinancingActivities" order="1.0" preferredLabel="http://www.xbrl.org/2003/role/label"/><link:loc xlink:type="locator" xlink:href="http://xbrl.ifrs.org/taxonomy/2021-03-24/full_ifrs/full_ifrs-cor_2021-03-24.xsd#ifrs-full_CashFlowsFromUsedInFinancingActivities" xlink:label="CashFlowsFromUsedInFinancingActivities" xlink:title="CashFlowsFromUsedInFinancingActivities"/><link:presentationArc xlink:type="arc" xlink:arcrole="http://www.xbrl.org/2003/arcrole/parent-child" xlink:from="CashFlowsFromUsedInFinancingActivitiesAbstract" xlink:to="CashFlowsFromUsedInFinancingActivities" xlink:title="Presentation: CashFlowsFromUsedInFinancingActivitiesAbstract to CashFlowsFromUsedInFinancingActivities" order="2.0" preferredLabel="http://www.xbrl.org/2003/role/totalLabel"/><link:loc xlink:type="locator" xlink:href="http://xbrl.ifrs.org/taxonomy/2021-03-24/full_ifrs/full_ifrs-cor_2021-03-24.xsd#ifrs-full_IncreaseDecreaseInCashAndCashEquivalents" xlink:label="IncreaseDecreaseInCashAndCashEquivalents" xlink:title="IncreaseDecreaseInCashAndCashEquivalents"/><link:presentationArc xlink:type="arc" xlink:arcrole="http://www.xbrl.org/2003/arcrole/parent-child" xlink:from="StatementOfCashFlowsAbstract" xlink:to="IncreaseDecreaseInCashAndCashEquivalents" xlink:title="Presentation: StatementOfCashFlowsAbstract to IncreaseDecreaseInCashAndCashEquivalents" order="4.0" preferredLabel="http://www.xbrl.org/2003/role/totalLabel"/><link:loc xlink:type="locator" xlink:href="http://xbrl.ifrs.org/taxonomy/2021-03-24/full_ifrs/full_ifrs-cor_2021-03-24.xsd#ifrs-full_CashAndCashEquivalents" xlink:label="CashAndCashEquivalents" xlink:title="CashAndCashEquivalents"/><link:presentationArc xlink:type="arc" xlink:arcrole="http://www.xbrl.org/2003/arcrole/parent-child" xlink:from="StatementOfCashFlowsAbstract" xlink:to="CashAndCashEquivalents" xlink:title="Presentation: StatementOfCashFlowsAbstract to CashAndCashEquivalents" order="5.0" preferredLabel="http://www.xbrl.org/2003/role/periodStartLabel"/><link:loc xlink:type="locator" xlink:href="http://xbrl.ifrs.org/taxonomy/2021-03-24/full_ifrs/full_ifrs-cor_2021-03-24.xsd#ifrs-full_CashAndCashEquivalents" xlink:label="CashAndCashEquivalents_1" xlink:title="CashAndCashEquivalents 2"/><link:presentationArc xlink:type="arc" xlink:arcrole="http://www.xbrl.org/2003/arcrole/parent-child" xlink:from="StatementOfCashFlowsAbstract" xlink:to="CashAndCashEquivalents_1" xlink:title="Presentation: StatementOfCashFlowsAbstract to CashAndCashEquivalents_1" order="6.0" preferredLabel="http://www.xbrl.org/2003/role/periodEndLabel"/></link:presentationLink><link:presentationLink xlink:type="extended" xlink:role="http://mouzakis.gr/role/Notes"><link:loc xlink:type="locator" xlink:href="http://www.esma.europa.eu/taxonomy/2021-03-24/esef_cor.xsd#esef_cor_NotesAccountingPoliciesAndMandatoryTags" xlink:label="NotesAccountingPoliciesAndMandatoryTags" xlink:title="NotesAccountingPoliciesAndMandatoryTags"/><link:loc xlink:type="locator" xlink:href="http://xbrl.ifrs.org/taxonomy/2021-03-24/full_ifrs/full_ifrs-cor_2021-03-24.xsd#ifrs-full_DisclosureOfNotesAndOtherExplanatoryInformationExplanatory" xlink:label="DisclosureOfNotesAndOtherExplanatoryInformationExplanatory" xlink:title="DisclosureOfNotesAndOtherExplanatoryInformationExplanatory"/><link:presentationArc xlink:type="arc" xlink:arcrole="http://www.xbrl.org/2003/arcrole/parent-child" xlink:from="NotesAccountingPoliciesAndMandatoryTags" xlink:to="DisclosureOfNotesAndOtherExplanatoryInformationExplanatory" xlink:title="Presentation: NotesAccountingPoliciesAndMandatoryTags to DisclosureOfNotesAndOtherExplanatoryInformationExplanatory" order="1.0" preferredLabel="http://www.xbrl.org/2003/role/label"/><link:loc xlink:type="locator" xlink:href="http://xbrl.ifrs.org/taxonomy/2021-03-24/full_ifrs/full_ifrs-cor_2021-03-24.xsd#ifrs-full_NameOfReportingEntityOrOtherMeansOfIdentification" xlink:label="NameOfReportingEntityOrOtherMeansOfIdentification" xlink:title="NameOfReportingEntityOrOtherMeansOfIdentification"/><link:presentationArc xlink:type="arc" xlink:arcrole="http://www.xbrl.org/2003/arcrole/parent-child" xlink:from="NotesAccountingPoliciesAndMandatoryTags" xlink:to="NameOfReportingEntityOrOtherMeansOfIdentification" xlink:title="Presentation: NotesAccountingPoliciesAndMandatoryTags to NameOfReportingEntityOrOtherMeansOfIdentification" order="2.0" preferredLabel="http://www.xbrl.org/2003/role/label"/><link:loc xlink:type="locator" xlink:href="http://xbrl.ifrs.org/taxonomy/2021-03-24/full_ifrs/full_ifrs-cor_2021-03-24.xsd#ifrs-full_LegalFormOfEntity" xlink:label="LegalFormOfEntity" xlink:title="LegalFormOfEntity"/><link:presentationArc xlink:type="arc" xlink:arcrole="http://www.xbrl.org/2003/arcrole/parent-child" xlink:from="NotesAccountingPoliciesAndMandatoryTags" xlink:to="LegalFormOfEntity" xlink:title="Presentation: NotesAccountingPoliciesAndMandatoryTags to LegalFormOfEntity" order="3.0" preferredLabel="http://www.xbrl.org/2003/role/label"/><link:loc xlink:type="locator" xlink:href="http://xbrl.ifrs.org/taxonomy/2021-03-24/full_ifrs/full_ifrs-cor_2021-03-24.xsd#ifrs-full_CountryOfIncorporation" xlink:label="CountryOfIncorporation" xlink:title="CountryOfIncorporation"/><link:presentationArc xlink:type="arc" xlink:arcrole="http://www.xbrl.org/2003/arcrole/parent-child" xlink:from="NotesAccountingPoliciesAndMandatoryTags" xlink:to="CountryOfIncorporation" xlink:title="Presentation: NotesAccountingPoliciesAndMandatoryTags to CountryOfIncorporation" order="4.0" preferredLabel="http://www.xbrl.org/2003/role/label"/><link:loc xlink:type="locator" xlink:href="http://xbrl.ifrs.org/taxonomy/2021-03-24/full_ifrs/full_ifrs-cor_2021-03-24.xsd#ifrs-full_AddressOfRegisteredOfficeOfEntity" xlink:label="AddressOfRegisteredOfficeOfEntity" xlink:title="AddressOfRegisteredOfficeOfEntity"/><link:presentationArc xlink:type="arc" xlink:arcrole="http://www.xbrl.org/2003/arcrole/parent-child" xlink:from="NotesAccountingPoliciesAndMandatoryTags" xlink:to="AddressOfRegisteredOfficeOfEntity" xlink:title="Presentation: NotesAccountingPoliciesAndMandatoryTags to AddressOfRegisteredOfficeOfEntity" order="5.0" preferredLabel="http://www.xbrl.org/2003/role/label"/><link:loc xlink:type="locator" xlink:href="http://xbrl.ifrs.org/taxonomy/2021-03-24/full_ifrs/full_ifrs-cor_2021-03-24.xsd#ifrs-full_PrincipalPlaceOfBusiness" xlink:label="PrincipalPlaceOfBusiness" xlink:title="PrincipalPlaceOfBusiness"/><link:presentationArc xlink:type="arc" xlink:arcrole="http://www.xbrl.org/2003/arcrole/parent-child" xlink:from="NotesAccountingPoliciesAndMandatoryTags" xlink:to="PrincipalPlaceOfBusiness" xlink:title="Presentation: NotesAccountingPoliciesAndMandatoryTags to PrincipalPlaceOfBusiness" order="6.0" preferredLabel="http://www.xbrl.org/2003/role/label"/><link:loc xlink:type="locator" xlink:href="http://xbrl.ifrs.org/taxonomy/2021-03-24/full_ifrs/full_ifrs-cor_2021-03-24.xsd#ifrs-full_NameOfParentEntity" xlink:label="NameOfParentEntity" xlink:title="NameOfParentEntity"/><link:presentationArc xlink:type="arc" xlink:arcrole="http://www.xbrl.org/2003/arcrole/parent-child" xlink:from="NotesAccountingPoliciesAndMandatoryTags" xlink:to="NameOfParentEntity" xlink:title="Presentation: NotesAccountingPoliciesAndMandatoryTags to NameOfParentEntity" order="7.0" preferredLabel="http://www.xbrl.org/2003/role/label"/><link:loc xlink:type="locator" xlink:href="http://xbrl.ifrs.org/taxonomy/2021-03-24/full_ifrs/full_ifrs-cor_2021-03-24.xsd#ifrs-full_DescriptionOfNatureOfEntitysOperationsAndPrincipalActivities" xlink:label="DescriptionOfNatureOfEntitysOperationsAndPrincipalActivities" xlink:title="DescriptionOfNatureOfEntitysOperationsAndPrincipalActivities"/><link:presentationArc xlink:type="arc" xlink:arcrole="http://www.xbrl.org/2003/arcrole/parent-child" xlink:from="NotesAccountingPoliciesAndMandatoryTags" xlink:to="DescriptionOfNatureOfEntitysOperationsAndPrincipalActivities" xlink:title="Presentation: NotesAccountingPoliciesAndMandatoryTags to DescriptionOfNatureOfEntitysOperationsAndPrincipalActivities" order="8.0" preferredLabel="http://www.xbrl.org/2003/role/label"/><link:loc xlink:type="locator" xlink:href="http://xbrl.ifrs.org/taxonomy/2021-03-24/full_ifrs/full_ifrs-cor_2021-03-24.xsd#ifrs-full_StatementOfIFRSCompliance" xlink:label="StatementOfIFRSCompliance" xlink:title="StatementOfIFRSCompliance"/><link:presentationArc xlink:type="arc" xlink:arcrole="http://www.xbrl.org/2003/arcrole/parent-child" xlink:from="NotesAccountingPoliciesAndMandatoryTags" xlink:to="StatementOfIFRSCompliance" xlink:title="Presentation: NotesAccountingPoliciesAndMandatoryTags to StatementOfIFRSCompliance" order="9.0" preferredLabel="http://www.xbrl.org/2003/role/label"/><link:loc xlink:type="locator" xlink:href="http://xbrl.ifrs.org/taxonomy/2021-03-24/full_ifrs/full_ifrs-cor_2021-03-24.xsd#ifrs-full_DisclosureOfAccountingJudgementsAndEstimatesExplanatory" xlink:label="DisclosureOfAccountingJudgementsAndEstimatesExplanatory" xlink:title="DisclosureOfAccountingJudgementsAndEstimatesExplanatory"/><link:presentationArc xlink:type="arc" xlink:arcrole="http://www.xbrl.org/2003/arcrole/parent-child" xlink:from="NotesAccountingPoliciesAndMandatoryTags" xlink:to="DisclosureOfAccountingJudgementsAndEstimatesExplanatory" xlink:title="Presentation: NotesAccountingPoliciesAndMandatoryTags to DisclosureOfAccountingJudgementsAndEstimatesExplanatory" order="10.0" preferredLabel="http://www.xbrl.org/2003/role/label"/><link:loc xlink:type="locator" xlink:href="http://xbrl.ifrs.org/taxonomy/2021-03-24/full_ifrs/full_ifrs-cor_2021-03-24.xsd#ifrs-full_DisclosureOfAuthorisationOfFinancialStatementsExplanatory" xlink:label="DisclosureOfAuthorisationOfFinancialStatementsExplanatory" xlink:title="DisclosureOfAuthorisationOfFinancialStatementsExplanatory"/><link:presentationArc xlink:type="arc" xlink:arcrole="http://www.xbrl.org/2003/arcrole/parent-child" xlink:from="NotesAccountingPoliciesAndMandatoryTags" xlink:to="DisclosureOfAuthorisationOfFinancialStatementsExplanatory" xlink:title="Presentation: NotesAccountingPoliciesAndMandatoryTags to DisclosureOfAuthorisationOfFinancialStatementsExplanatory" order="11.0" preferredLabel="http://www.xbrl.org/2003/role/label"/><link:loc xlink:type="locator" xlink:href="http://xbrl.ifrs.org/taxonomy/2021-03-24/full_ifrs/full_ifrs-cor_2021-03-24.xsd#ifrs-full_DisclosureOfBasisOfConsolidationExplanatory" xlink:label="DisclosureOfBasisOfConsolidationExplanatory" xlink:title="DisclosureOfBasisOfConsolidationExplanatory"/><link:presentationArc xlink:type="arc" xlink:arcrole="http://www.xbrl.org/2003/arcrole/parent-child" xlink:from="NotesAccountingPoliciesAndMandatoryTags" xlink:to="DisclosureOfBasisOfConsolidationExplanatory" xlink:title="Presentation: NotesAccountingPoliciesAndMandatoryTags to DisclosureOfBasisOfConsolidationExplanatory" order="12.0" preferredLabel="http://www.xbrl.org/2003/role/label"/><link:loc xlink:type="locator" xlink:href="http://xbrl.ifrs.org/taxonomy/2021-03-24/full_ifrs/full_ifrs-cor_2021-03-24.xsd#ifrs-full_DisclosureOfBasisOfPreparationOfFinancialStatementsExplanatory" xlink:label="DisclosureOfBasisOfPreparationOfFinancialStatementsExplanatory" xlink:title="DisclosureOfBasisOfPreparationOfFinancialStatementsExplanatory"/><link:presentationArc xlink:type="arc" xlink:arcrole="http://www.xbrl.org/2003/arcrole/parent-child" xlink:from="NotesAccountingPoliciesAndMandatoryTags" xlink:to="DisclosureOfBasisOfPreparationOfFinancialStatementsExplanatory" xlink:title="Presentation: NotesAccountingPoliciesAndMandatoryTags to DisclosureOfBasisOfPreparationOfFinancialStatementsExplanatory" order="13.0" preferredLabel="http://www.xbrl.org/2003/role/label"/><link:loc xlink:type="locator" xlink:href="http://xbrl.ifrs.org/taxonomy/2021-03-24/full_ifrs/full_ifrs-cor_2021-03-24.xsd#ifrs-full_DisclosureOfCashAndBankBalancesAtCentralBanksExplanatory" xlink:label="DisclosureOfCashAndBankBalancesAtCentralBanksExplanatory" xlink:title="DisclosureOfCashAndBankBalancesAtCentralBanksExplanatory"/><link:presentationArc xlink:type="arc" xlink:arcrole="http://www.xbrl.org/2003/arcrole/parent-child" xlink:from="NotesAccountingPoliciesAndMandatoryTags" xlink:to="DisclosureOfCashAndBankBalancesAtCentralBanksExplanatory" xlink:title="Presentation: NotesAccountingPoliciesAndMandatoryTags to DisclosureOfCashAndBankBalancesAtCentralBanksExplanatory" order="14.0" preferredLabel="http://www.xbrl.org/2003/role/label"/><link:loc xlink:type="locator" xlink:href="http://xbrl.ifrs.org/taxonomy/2021-03-24/full_ifrs/full_ifrs-cor_2021-03-24.xsd#ifrs-full_DisclosureOfCashAndCashEquivalentsExplanatory" xlink:label="DisclosureOfCashAndCashEquivalentsExplanatory" xlink:title="DisclosureOfCashAndCashEquivalentsExplanatory"/><link:presentationArc xlink:type="arc" xlink:arcrole="http://www.xbrl.org/2003/arcrole/parent-child" xlink:from="NotesAccountingPoliciesAndMandatoryTags" xlink:to="DisclosureOfCashAndCashEquivalentsExplanatory" xlink:title="Presentation: NotesAccountingPoliciesAndMandatoryTags to DisclosureOfCashAndCashEquivalentsExplanatory" order="15.0" preferredLabel="http://www.xbrl.org/2003/role/label"/><link:loc xlink:type="locator" xlink:href="http://xbrl.ifrs.org/taxonomy/2021-03-24/full_ifrs/full_ifrs-cor_2021-03-24.xsd#ifrs-full_DisclosureOfCostOfSalesExplanatory" xlink:label="DisclosureOfCostOfSalesExplanatory" xlink:title="DisclosureOfCostOfSalesExplanatory"/><link:presentationArc xlink:type="arc" xlink:arcrole="http://www.xbrl.org/2003/arcrole/parent-child" xlink:from="NotesAccountingPoliciesAndMandatoryTags" xlink:to="DisclosureOfCostOfSalesExplanatory" xlink:title="Presentation: NotesAccountingPoliciesAndMandatoryTags to DisclosureOfCostOfSalesExplanatory" order="16.0" preferredLabel="http://www.xbrl.org/2003/role/label"/><link:loc xlink:type="locator" xlink:href="http://xbrl.ifrs.org/taxonomy/2021-03-24/full_ifrs/full_ifrs-cor_2021-03-24.xsd#ifrs-full_DisclosureOfCreditRiskExplanatory" xlink:label="DisclosureOfCreditRiskExplanatory" xlink:title="DisclosureOfCreditRiskExplanatory"/><link:presentationArc xlink:type="arc" xlink:arcrole="http://www.xbrl.org/2003/arcrole/parent-child" xlink:from="NotesAccountingPoliciesAndMandatoryTags" xlink:to="DisclosureOfCreditRiskExplanatory" xlink:title="Presentation: NotesAccountingPoliciesAndMandatoryTags to DisclosureOfCreditRiskExplanatory" order="17.0" preferredLabel="http://www.xbrl.org/2003/role/label"/><link:loc xlink:type="locator" xlink:href="http://xbrl.ifrs.org/taxonomy/2021-03-24/full_ifrs/full_ifrs-cor_2021-03-24.xsd#ifrs-full_DisclosureOfDeferredTaxesExplanatory" xlink:label="DisclosureOfDeferredTaxesExplanatory" xlink:title="DisclosureOfDeferredTaxesExplanatory"/><link:presentationArc xlink:type="arc" xlink:arcrole="http://www.xbrl.org/2003/arcrole/parent-child" xlink:from="NotesAccountingPoliciesAndMandatoryTags" xlink:to="DisclosureOfDeferredTaxesExplanatory" xlink:title="Presentation: NotesAccountingPoliciesAndMandatoryTags to DisclosureOfDeferredTaxesExplanatory" order="18.0" preferredLabel="http://www.xbrl.org/2003/role/label"/><link:loc xlink:type="locator" xlink:href="http://xbrl.ifrs.org/taxonomy/2021-03-24/full_ifrs/full_ifrs-cor_2021-03-24.xsd#ifrs-full_DisclosureOfEarningsPerShareExplanatory" xlink:label="DisclosureOfEarningsPerShareExplanatory" xlink:title="DisclosureOfEarningsPerShareExplanatory"/><link:presentationArc xlink:type="arc" xlink:arcrole="http://www.xbrl.org/2003/arcrole/parent-child" xlink:from="NotesAccountingPoliciesAndMandatoryTags" xlink:to="DisclosureOfEarningsPerShareExplanatory" xlink:title="Presentation: NotesAccountingPoliciesAndMandatoryTags to DisclosureOfEarningsPerShareExplanatory" order="19.0" preferredLabel="http://www.xbrl.org/2003/role/label"/></link:presentationLink></link:linkbase>