<?xml version="1.0" encoding ="UTF-8"?><link:linkbase xmlns:xsi="http://www.w3.org/2001/XMLSchema-instance" xsi:schemaLocation="http://www.xbrl.org/2003/linkbase http://www.xbrl.org/2003/xbrl-linkbase-2003-12-31.xsd" xmlns:link="http://www.xbrl.org/2003/linkbase" xmlns:xbrli="http://www.xbrl.org/2003/instance" xmlns:xlink="http://www.w3.org/1999/xlink" xmlns:xbrldt="http://xbrl.org/2005/xbrldt"><link:roleRef roleURI="http://mouzakis.gr/role/StatementOfFinancialPosition" xlink:type="simple" xlink:href="21380021ZMHVZYWRTO10-2022-12-31.xsd#StatementOfFinancialPosition"/><link:roleRef roleURI="http://mouzakis.gr/role/StatementOfComprehensiveIncome" xlink:type="simple" xlink:href="21380021ZMHVZYWRTO10-2022-12-31.xsd#StatementOfComprehensiveIncome"/><link:roleRef roleURI="http://mouzakis.gr/role/StatementOfComprehensiveIncome2" xlink:type="simple" xlink:href="21380021ZMHVZYWRTO10-2022-12-31.xsd#StatementOfComprehensiveIncome2"/><link:roleRef roleURI="http://mouzakis.gr/role/CashFlowStatement" xlink:type="simple" xlink:href="21380021ZMHVZYWRTO10-2022-12-31.xsd#CashFlowStatement"/><link:calculationLink xlink:type="extended" xlink:role="http://mouzakis.gr/role/StatementOfFinancialPosition"><link:loc xlink:type="locator" xlink:href="http://xbrl.ifrs.org/taxonomy/2021-03-24/full_ifrs/full_ifrs-cor_2021-03-24.xsd#ifrs-full_NoncurrentAssets" xlink:label="NoncurrentAssets" xlink:title="NoncurrentAssets"/><link:loc xlink:type="locator" xlink:href="http://xbrl.ifrs.org/taxonomy/2021-03-24/full_ifrs/full_ifrs-cor_2021-03-24.xsd#ifrs-full_PropertyPlantAndEquipment" xlink:label="PropertyPlantAndEquipment" xlink:title="PropertyPlantAndEquipment"/><link:calculationArc xlink:type="arc" xlink:arcrole="http://www.xbrl.org/2003/arcrole/summation-item" xlink:from="NoncurrentAssets" xlink:to="PropertyPlantAndEquipment" xlink:title="Calculation: NoncurrentAssets to PropertyPlantAndEquipment" order="1.0" weight="1"/><link:loc xlink:type="locator" xlink:href="http://xbrl.ifrs.org/taxonomy/2021-03-24/full_ifrs/full_ifrs-cor_2021-03-24.xsd#ifrs-full_InvestmentProperty" xlink:label="InvestmentProperty" xlink:title="InvestmentProperty"/><link:calculationArc xlink:type="arc" xlink:arcrole="http://www.xbrl.org/2003/arcrole/summation-item" xlink:from="NoncurrentAssets" xlink:to="InvestmentProperty" xlink:title="Calculation: NoncurrentAssets to InvestmentProperty" order="2.0" weight="1"/><link:loc xlink:type="locator" xlink:href="http://xbrl.ifrs.org/taxonomy/2021-03-24/full_ifrs/full_ifrs-cor_2021-03-24.xsd#ifrs-full_IntangibleAssetsAndGoodwill" xlink:label="IntangibleAssetsAndGoodwill" xlink:title="IntangibleAssetsAndGoodwill"/><link:calculationArc xlink:type="arc" xlink:arcrole="http://www.xbrl.org/2003/arcrole/summation-item" xlink:from="NoncurrentAssets" xlink:to="IntangibleAssetsAndGoodwill" xlink:title="Calculation: NoncurrentAssets to IntangibleAssetsAndGoodwill" order="3.0" weight="1"/><link:loc xlink:type="locator" xlink:href="http://xbrl.ifrs.org/taxonomy/2021-03-24/full_ifrs/full_ifrs-cor_2021-03-24.xsd#ifrs-full_InvestmentsInSubsidiaries" xlink:label="InvestmentsInSubsidiaries" xlink:title="InvestmentsInSubsidiaries"/><link:calculationArc xlink:type="arc" xlink:arcrole="http://www.xbrl.org/2003/arcrole/summation-item" xlink:from="NoncurrentAssets" xlink:to="InvestmentsInSubsidiaries" xlink:title="Calculation: NoncurrentAssets to InvestmentsInSubsidiaries" order="4.0" weight="1"/><link:loc xlink:type="locator" xlink:href="http://xbrl.ifrs.org/taxonomy/2021-03-24/full_ifrs/full_ifrs-cor_2021-03-24.xsd#ifrs-full_OtherNoncurrentReceivables" xlink:label="OtherNoncurrentReceivables" xlink:title="OtherNoncurrentReceivables"/><link:calculationArc xlink:type="arc" xlink:arcrole="http://www.xbrl.org/2003/arcrole/summation-item" xlink:from="NoncurrentAssets" xlink:to="OtherNoncurrentReceivables" xlink:title="Calculation: NoncurrentAssets to OtherNoncurrentReceivables" order="5.0" weight="1"/><link:loc xlink:type="locator" xlink:href="http://xbrl.ifrs.org/taxonomy/2021-03-24/full_ifrs/full_ifrs-cor_2021-03-24.xsd#ifrs-full_CurrentAssets" xlink:label="CurrentAssets" xlink:title="CurrentAssets"/><link:loc xlink:type="locator" xlink:href="http://xbrl.ifrs.org/taxonomy/2021-03-24/full_ifrs/full_ifrs-cor_2021-03-24.xsd#ifrs-full_Inventories" xlink:label="Inventories" xlink:title="Inventories"/><link:calculationArc xlink:type="arc" xlink:arcrole="http://www.xbrl.org/2003/arcrole/summation-item" xlink:from="CurrentAssets" xlink:to="Inventories" xlink:title="Calculation: CurrentAssets to Inventories" order="1.0" weight="1"/><link:loc xlink:type="locator" xlink:href="http://xbrl.ifrs.org/taxonomy/2021-03-24/full_ifrs/full_ifrs-cor_2021-03-24.xsd#ifrs-full_CurrentTradeReceivables" xlink:label="CurrentTradeReceivables" xlink:title="CurrentTradeReceivables"/><link:calculationArc xlink:type="arc" xlink:arcrole="http://www.xbrl.org/2003/arcrole/summation-item" xlink:from="CurrentAssets" xlink:to="CurrentTradeReceivables" xlink:title="Calculation: CurrentAssets to CurrentTradeReceivables" order="2.0" weight="1"/><link:loc xlink:type="locator" xlink:href="http://xbrl.ifrs.org/taxonomy/2021-03-24/full_ifrs/full_ifrs-cor_2021-03-24.xsd#ifrs-full_OtherCurrentReceivables" xlink:label="OtherCurrentReceivables" xlink:title="OtherCurrentReceivables"/><link:calculationArc xlink:type="arc" xlink:arcrole="http://www.xbrl.org/2003/arcrole/summation-item" xlink:from="CurrentAssets" xlink:to="OtherCurrentReceivables" xlink:title="Calculation: CurrentAssets to OtherCurrentReceivables" order="3.0" weight="1"/><link:loc xlink:type="locator" xlink:href="http://xbrl.ifrs.org/taxonomy/2021-03-24/full_ifrs/full_ifrs-cor_2021-03-24.xsd#ifrs-full_CashAndCashEquivalents" xlink:label="CashAndCashEquivalents" xlink:title="CashAndCashEquivalents"/><link:calculationArc xlink:type="arc" xlink:arcrole="http://www.xbrl.org/2003/arcrole/summation-item" xlink:from="CurrentAssets" xlink:to="CashAndCashEquivalents" xlink:title="Calculation: CurrentAssets to CashAndCashEquivalents" order="4.0" weight="1"/><link:loc xlink:type="locator" xlink:href="http://xbrl.ifrs.org/taxonomy/2021-03-24/full_ifrs/full_ifrs-cor_2021-03-24.xsd#ifrs-full_Assets" xlink:label="Assets" xlink:title="Assets"/><link:calculationArc xlink:type="arc" xlink:arcrole="http://www.xbrl.org/2003/arcrole/summation-item" xlink:from="Assets" xlink:to="CurrentAssets" xlink:title="Calculation: Assets to CurrentAssets" order="1.0" weight="1"/><link:calculationArc xlink:type="arc" xlink:arcrole="http://www.xbrl.org/2003/arcrole/summation-item" xlink:from="Assets" xlink:to="NoncurrentAssets" xlink:title="Calculation: Assets to NoncurrentAssets" order="2.0" weight="1"/><link:loc xlink:type="locator" xlink:href="http://xbrl.ifrs.org/taxonomy/2021-03-24/full_ifrs/full_ifrs-cor_2021-03-24.xsd#ifrs-full_EquityAttributableToOwnersOfParent" xlink:label="EquityAttributableToOwnersOfParent" xlink:title="EquityAttributableToOwnersOfParent"/><link:loc xlink:type="locator" xlink:href="http://xbrl.ifrs.org/taxonomy/2021-03-24/full_ifrs/full_ifrs-cor_2021-03-24.xsd#ifrs-full_IssuedCapital" xlink:label="IssuedCapital" xlink:title="IssuedCapital"/><link:calculationArc xlink:type="arc" xlink:arcrole="http://www.xbrl.org/2003/arcrole/summation-item" xlink:from="EquityAttributableToOwnersOfParent" xlink:to="IssuedCapital" xlink:title="Calculation: EquityAttributableToOwnersOfParent to IssuedCapital" order="1.0" weight="1"/><link:loc xlink:type="locator" xlink:href="http://xbrl.ifrs.org/taxonomy/2021-03-24/full_ifrs/full_ifrs-cor_2021-03-24.xsd#ifrs-full_RevaluationSurplus" xlink:label="RevaluationSurplus" xlink:title="RevaluationSurplus"/><link:calculationArc xlink:type="arc" xlink:arcrole="http://www.xbrl.org/2003/arcrole/summation-item" xlink:from="EquityAttributableToOwnersOfParent" xlink:to="RevaluationSurplus" xlink:title="Calculation: EquityAttributableToOwnersOfParent to RevaluationSurplus" order="2.0" weight="1"/><link:loc xlink:type="locator" xlink:href="21380021ZMHVZYWRTO10-2022-12-31.xsd#ΜΖΚ_MiscellaneousOtherReserves" xlink:label="MiscellaneousOtherReserves" xlink:title="MiscellaneousOtherReserves"/><link:calculationArc xlink:type="arc" xlink:arcrole="http://www.xbrl.org/2003/arcrole/summation-item" xlink:from="EquityAttributableToOwnersOfParent" xlink:to="MiscellaneousOtherReserves" xlink:title="Calculation: EquityAttributableToOwnersOfParent to MiscellaneousOtherReserves" order="3.0" weight="1"/><link:loc xlink:type="locator" xlink:href="http://xbrl.ifrs.org/taxonomy/2021-03-24/full_ifrs/full_ifrs-cor_2021-03-24.xsd#ifrs-full_RetainedEarnings" xlink:label="RetainedEarnings" xlink:title="RetainedEarnings"/><link:calculationArc xlink:type="arc" xlink:arcrole="http://www.xbrl.org/2003/arcrole/summation-item" xlink:from="EquityAttributableToOwnersOfParent" xlink:to="RetainedEarnings" xlink:title="Calculation: EquityAttributableToOwnersOfParent to RetainedEarnings" order="4.0" weight="1"/><link:loc xlink:type="locator" xlink:href="http://xbrl.ifrs.org/taxonomy/2021-03-24/full_ifrs/full_ifrs-cor_2021-03-24.xsd#ifrs-full_Equity" xlink:label="Equity" xlink:title="Equity"/><link:calculationArc xlink:type="arc" xlink:arcrole="http://www.xbrl.org/2003/arcrole/summation-item" xlink:from="Equity" xlink:to="EquityAttributableToOwnersOfParent" xlink:title="Calculation: Equity to EquityAttributableToOwnersOfParent" order="1.0" weight="1"/><link:loc xlink:type="locator" xlink:href="http://xbrl.ifrs.org/taxonomy/2021-03-24/full_ifrs/full_ifrs-cor_2021-03-24.xsd#ifrs-full_NoncontrollingInterests" xlink:label="NoncontrollingInterests" xlink:title="NoncontrollingInterests"/><link:calculationArc xlink:type="arc" xlink:arcrole="http://www.xbrl.org/2003/arcrole/summation-item" xlink:from="Equity" xlink:to="NoncontrollingInterests" xlink:title="Calculation: Equity to NoncontrollingInterests" order="2.0" weight="1"/><link:loc xlink:type="locator" xlink:href="http://xbrl.ifrs.org/taxonomy/2021-03-24/full_ifrs/full_ifrs-cor_2021-03-24.xsd#ifrs-full_NoncurrentLiabilities" xlink:label="NoncurrentLiabilities" xlink:title="NoncurrentLiabilities"/><link:loc xlink:type="locator" xlink:href="http://xbrl.ifrs.org/taxonomy/2021-03-24/full_ifrs/full_ifrs-cor_2021-03-24.xsd#ifrs-full_NoncurrentProvisionsForEmployeeBenefits" xlink:label="NoncurrentProvisionsForEmployeeBenefits" xlink:title="NoncurrentProvisionsForEmployeeBenefits"/><link:calculationArc xlink:type="arc" xlink:arcrole="http://www.xbrl.org/2003/arcrole/summation-item" xlink:from="NoncurrentLiabilities" xlink:to="NoncurrentProvisionsForEmployeeBenefits" xlink:title="Calculation: NoncurrentLiabilities to NoncurrentProvisionsForEmployeeBenefits" order="1.0" weight="1"/><link:loc xlink:type="locator" xlink:href="http://xbrl.ifrs.org/taxonomy/2021-03-24/full_ifrs/full_ifrs-cor_2021-03-24.xsd#ifrs-full_OtherLongtermProvisions" xlink:label="OtherLongtermProvisions" xlink:title="OtherLongtermProvisions"/><link:calculationArc xlink:type="arc" xlink:arcrole="http://www.xbrl.org/2003/arcrole/summation-item" xlink:from="NoncurrentLiabilities" xlink:to="OtherLongtermProvisions" xlink:title="Calculation: NoncurrentLiabilities to OtherLongtermProvisions" order="2.0" weight="1"/><link:loc xlink:type="locator" xlink:href="http://xbrl.ifrs.org/taxonomy/2021-03-24/full_ifrs/full_ifrs-cor_2021-03-24.xsd#ifrs-full_DeferredTaxLiabilities" xlink:label="DeferredTaxLiabilities" xlink:title="DeferredTaxLiabilities"/><link:calculationArc xlink:type="arc" xlink:arcrole="http://www.xbrl.org/2003/arcrole/summation-item" xlink:from="NoncurrentLiabilities" xlink:to="DeferredTaxLiabilities" xlink:title="Calculation: NoncurrentLiabilities to DeferredTaxLiabilities" order="3.0" weight="1"/><link:loc xlink:type="locator" xlink:href="http://xbrl.ifrs.org/taxonomy/2021-03-24/full_ifrs/full_ifrs-cor_2021-03-24.xsd#ifrs-full_OtherNoncurrentLiabilities" xlink:label="OtherNoncurrentLiabilities" xlink:title="OtherNoncurrentLiabilities"/><link:calculationArc xlink:type="arc" xlink:arcrole="http://www.xbrl.org/2003/arcrole/summation-item" xlink:from="NoncurrentLiabilities" xlink:to="OtherNoncurrentLiabilities" xlink:title="Calculation: NoncurrentLiabilities to OtherNoncurrentLiabilities" order="4.0" weight="1"/><link:loc xlink:type="locator" xlink:href="http://xbrl.ifrs.org/taxonomy/2021-03-24/full_ifrs/full_ifrs-cor_2021-03-24.xsd#ifrs-full_CurrentLiabilities" xlink:label="CurrentLiabilities" xlink:title="CurrentLiabilities"/><link:loc xlink:type="locator" xlink:href="http://xbrl.ifrs.org/taxonomy/2021-03-24/full_ifrs/full_ifrs-cor_2021-03-24.xsd#ifrs-full_TradeAndOtherCurrentPayables" xlink:label="TradeAndOtherCurrentPayables" xlink:title="TradeAndOtherCurrentPayables"/><link:calculationArc xlink:type="arc" xlink:arcrole="http://www.xbrl.org/2003/arcrole/summation-item" xlink:from="CurrentLiabilities" xlink:to="TradeAndOtherCurrentPayables" xlink:title="Calculation: CurrentLiabilities to TradeAndOtherCurrentPayables" order="1.0" weight="1"/><link:loc xlink:type="locator" xlink:href="http://xbrl.ifrs.org/taxonomy/2021-03-24/full_ifrs/full_ifrs-cor_2021-03-24.xsd#ifrs-full_CurrentTaxLiabilitiesCurrent" xlink:label="CurrentTaxLiabilitiesCurrent" xlink:title="CurrentTaxLiabilitiesCurrent"/><link:calculationArc xlink:type="arc" xlink:arcrole="http://www.xbrl.org/2003/arcrole/summation-item" xlink:from="CurrentLiabilities" xlink:to="CurrentTaxLiabilitiesCurrent" xlink:title="Calculation: CurrentLiabilities to CurrentTaxLiabilitiesCurrent" order="2.0" weight="1"/><link:loc xlink:type="locator" xlink:href="http://xbrl.ifrs.org/taxonomy/2021-03-24/full_ifrs/full_ifrs-cor_2021-03-24.xsd#ifrs-full_OtherCurrentLiabilities" xlink:label="OtherCurrentLiabilities" xlink:title="OtherCurrentLiabilities"/><link:calculationArc xlink:type="arc" xlink:arcrole="http://www.xbrl.org/2003/arcrole/summation-item" xlink:from="CurrentLiabilities" xlink:to="OtherCurrentLiabilities" xlink:title="Calculation: CurrentLiabilities to OtherCurrentLiabilities" order="3.0" weight="1"/><link:loc xlink:type="locator" xlink:href="http://xbrl.ifrs.org/taxonomy/2021-03-24/full_ifrs/full_ifrs-cor_2021-03-24.xsd#ifrs-full_Liabilities" xlink:label="Liabilities" xlink:title="Liabilities"/><link:calculationArc xlink:type="arc" xlink:arcrole="http://www.xbrl.org/2003/arcrole/summation-item" xlink:from="Liabilities" xlink:to="CurrentLiabilities" xlink:title="Calculation: Liabilities to CurrentLiabilities" order="1.0" weight="1"/><link:calculationArc xlink:type="arc" xlink:arcrole="http://www.xbrl.org/2003/arcrole/summation-item" xlink:from="Liabilities" xlink:to="NoncurrentLiabilities" xlink:title="Calculation: Liabilities to NoncurrentLiabilities" order="2.0" weight="1"/><link:loc xlink:type="locator" xlink:href="http://xbrl.ifrs.org/taxonomy/2021-03-24/full_ifrs/full_ifrs-cor_2021-03-24.xsd#ifrs-full_EquityAndLiabilities" xlink:label="EquityAndLiabilities" xlink:title="EquityAndLiabilities"/><link:calculationArc xlink:type="arc" xlink:arcrole="http://www.xbrl.org/2003/arcrole/summation-item" xlink:from="EquityAndLiabilities" xlink:to="Liabilities" xlink:title="Calculation: EquityAndLiabilities to Liabilities" order="1.0" weight="1"/><link:calculationArc xlink:type="arc" xlink:arcrole="http://www.xbrl.org/2003/arcrole/summation-item" xlink:from="EquityAndLiabilities" xlink:to="Equity" xlink:title="Calculation: EquityAndLiabilities to Equity" order="2.0" weight="1"/></link:calculationLink><link:calculationLink xlink:type="extended" xlink:role="http://mouzakis.gr/role/StatementOfComprehensiveIncome"><link:loc xlink:type="locator" xlink:href="http://xbrl.ifrs.org/taxonomy/2021-03-24/full_ifrs/full_ifrs-cor_2021-03-24.xsd#ifrs-full_GrossProfit" xlink:label="GrossProfit" xlink:title="GrossProfit"/><link:loc xlink:type="locator" xlink:href="http://xbrl.ifrs.org/taxonomy/2021-03-24/full_ifrs/full_ifrs-cor_2021-03-24.xsd#ifrs-full_Revenue" xlink:label="Revenue" xlink:title="Revenue"/><link:calculationArc xlink:type="arc" xlink:arcrole="http://www.xbrl.org/2003/arcrole/summation-item" xlink:from="GrossProfit" xlink:to="Revenue" xlink:title="Calculation: GrossProfit to Revenue" order="1.0" weight="1"/><link:loc xlink:type="locator" xlink:href="http://xbrl.ifrs.org/taxonomy/2021-03-24/full_ifrs/full_ifrs-cor_2021-03-24.xsd#ifrs-full_CostOfSales" xlink:label="CostOfSales" xlink:title="CostOfSales"/><link:calculationArc xlink:type="arc" xlink:arcrole="http://www.xbrl.org/2003/arcrole/summation-item" xlink:from="GrossProfit" xlink:to="CostOfSales" xlink:title="Calculation: GrossProfit to CostOfSales" order="2.0" weight="-1"/><link:loc xlink:type="locator" xlink:href="http://xbrl.ifrs.org/taxonomy/2021-03-24/full_ifrs/full_ifrs-cor_2021-03-24.xsd#ifrs-full_ProfitLossFromOperatingActivities" xlink:label="ProfitLossFromOperatingActivities" xlink:title="ProfitLossFromOperatingActivities"/><link:calculationArc xlink:type="arc" xlink:arcrole="http://www.xbrl.org/2003/arcrole/summation-item" xlink:from="ProfitLossFromOperatingActivities" xlink:to="GrossProfit" xlink:title="Calculation: ProfitLossFromOperatingActivities to GrossProfit" order="1.0" weight="1"/><link:loc xlink:type="locator" xlink:href="http://xbrl.ifrs.org/taxonomy/2021-03-24/full_ifrs/full_ifrs-cor_2021-03-24.xsd#ifrs-full_OtherIncome" xlink:label="OtherIncome" xlink:title="OtherIncome"/><link:calculationArc xlink:type="arc" xlink:arcrole="http://www.xbrl.org/2003/arcrole/summation-item" xlink:from="ProfitLossFromOperatingActivities" xlink:to="OtherIncome" xlink:title="Calculation: ProfitLossFromOperatingActivities to OtherIncome" order="2.0" weight="1"/><link:loc xlink:type="locator" xlink:href="http://xbrl.ifrs.org/taxonomy/2021-03-24/full_ifrs/full_ifrs-cor_2021-03-24.xsd#ifrs-full_AdministrativeExpense" xlink:label="AdministrativeExpense" xlink:title="AdministrativeExpense"/><link:calculationArc xlink:type="arc" xlink:arcrole="http://www.xbrl.org/2003/arcrole/summation-item" xlink:from="ProfitLossFromOperatingActivities" xlink:to="AdministrativeExpense" xlink:title="Calculation: ProfitLossFromOperatingActivities to AdministrativeExpense" order="3.0" weight="-1"/><link:loc xlink:type="locator" xlink:href="21380021ZMHVZYWRTO10-2022-12-31.xsd#ΜΖΚ_SellingExpenseAndDistributionCosts" xlink:label="SellingExpenseAndDistributionCosts" xlink:title="SellingExpenseAndDistributionCosts"/><link:calculationArc xlink:type="arc" xlink:arcrole="http://www.xbrl.org/2003/arcrole/summation-item" xlink:from="ProfitLossFromOperatingActivities" xlink:to="SellingExpenseAndDistributionCosts" xlink:title="Calculation: ProfitLossFromOperatingActivities to SellingExpenseAndDistributionCosts" order="4.0" weight="-1"/><link:loc xlink:type="locator" xlink:href="http://xbrl.ifrs.org/taxonomy/2021-03-24/full_ifrs/full_ifrs-cor_2021-03-24.xsd#ifrs-full_OtherExpenseByFunction" xlink:label="OtherExpenseByFunction" xlink:title="OtherExpenseByFunction"/><link:calculationArc xlink:type="arc" xlink:arcrole="http://www.xbrl.org/2003/arcrole/summation-item" xlink:from="ProfitLossFromOperatingActivities" xlink:to="OtherExpenseByFunction" xlink:title="Calculation: ProfitLossFromOperatingActivities to OtherExpenseByFunction" order="5.0" weight="-1"/><link:loc xlink:type="locator" xlink:href="http://xbrl.ifrs.org/taxonomy/2021-03-24/full_ifrs/full_ifrs-cor_2021-03-24.xsd#ifrs-full_ProfitLossBeforeTax" xlink:label="ProfitLossBeforeTax" xlink:title="ProfitLossBeforeTax"/><link:calculationArc xlink:type="arc" xlink:arcrole="http://www.xbrl.org/2003/arcrole/summation-item" xlink:from="ProfitLossBeforeTax" xlink:to="ProfitLossFromOperatingActivities" xlink:title="Calculation: ProfitLossBeforeTax to ProfitLossFromOperatingActivities" order="1.0" weight="1"/><link:loc xlink:type="locator" xlink:href="http://xbrl.ifrs.org/taxonomy/2021-03-24/full_ifrs/full_ifrs-cor_2021-03-24.xsd#ifrs-full_FinanceIncome" xlink:label="FinanceIncome" xlink:title="FinanceIncome"/><link:calculationArc xlink:type="arc" xlink:arcrole="http://www.xbrl.org/2003/arcrole/summation-item" xlink:from="ProfitLossBeforeTax" xlink:to="FinanceIncome" xlink:title="Calculation: ProfitLossBeforeTax to FinanceIncome" order="2.0" weight="1"/><link:loc xlink:type="locator" xlink:href="http://xbrl.ifrs.org/taxonomy/2021-03-24/full_ifrs/full_ifrs-cor_2021-03-24.xsd#ifrs-full_FinanceCosts" xlink:label="FinanceCosts" xlink:title="FinanceCosts"/><link:calculationArc xlink:type="arc" xlink:arcrole="http://www.xbrl.org/2003/arcrole/summation-item" xlink:from="ProfitLossBeforeTax" xlink:to="FinanceCosts" xlink:title="Calculation: ProfitLossBeforeTax to FinanceCosts" order="3.0" weight="-1"/><link:loc xlink:type="locator" xlink:href="http://xbrl.ifrs.org/taxonomy/2021-03-24/full_ifrs/full_ifrs-cor_2021-03-24.xsd#ifrs-full_ProfitLoss" xlink:label="ProfitLoss" xlink:title="ProfitLoss"/><link:calculationArc xlink:type="arc" xlink:arcrole="http://www.xbrl.org/2003/arcrole/summation-item" xlink:from="ProfitLoss" xlink:to="ProfitLossBeforeTax" xlink:title="Calculation: ProfitLoss to ProfitLossBeforeTax" order="1.0" weight="1"/><link:loc xlink:type="locator" xlink:href="http://xbrl.ifrs.org/taxonomy/2021-03-24/full_ifrs/full_ifrs-cor_2021-03-24.xsd#ifrs-full_IncomeTaxExpenseContinuingOperations" xlink:label="IncomeTaxExpenseContinuingOperations" xlink:title="IncomeTaxExpenseContinuingOperations"/><link:calculationArc xlink:type="arc" xlink:arcrole="http://www.xbrl.org/2003/arcrole/summation-item" xlink:from="ProfitLoss" xlink:to="IncomeTaxExpenseContinuingOperations" xlink:title="Calculation: ProfitLoss to IncomeTaxExpenseContinuingOperations" order="2.0" weight="-1"/><link:loc xlink:type="locator" xlink:href="http://xbrl.ifrs.org/taxonomy/2021-03-24/full_ifrs/full_ifrs-cor_2021-03-24.xsd#ifrs-full_OtherComprehensiveIncome" xlink:label="OtherComprehensiveIncome" xlink:title="OtherComprehensiveIncome"/><link:loc xlink:type="locator" xlink:href="http://xbrl.ifrs.org/taxonomy/2021-03-24/full_ifrs/full_ifrs-cor_2021-03-24.xsd#ifrs-full_OtherComprehensiveIncomeBeforeTaxGainsLossesOnRemeasurementsOfDefinedBenefitPlans" xlink:label="OtherComprehensiveIncomeBeforeTaxGainsLossesOnRemeasurementsOfDefinedBenefitPlans" xlink:title="OtherComprehensiveIncomeBeforeTaxGainsLossesOnRemeasurementsOfDefinedBenefitPlans"/><link:calculationArc xlink:type="arc" xlink:arcrole="http://www.xbrl.org/2003/arcrole/summation-item" xlink:from="OtherComprehensiveIncome" xlink:to="OtherComprehensiveIncomeBeforeTaxGainsLossesOnRemeasurementsOfDefinedBenefitPlans" xlink:title="Calculation: OtherComprehensiveIncome to OtherComprehensiveIncomeBeforeTaxGainsLossesOnRemeasurementsOfDefinedBenefitPlans" order="1.0" weight="1"/><link:loc xlink:type="locator" xlink:href="http://xbrl.ifrs.org/taxonomy/2021-03-24/full_ifrs/full_ifrs-cor_2021-03-24.xsd#ifrs-full_IncomeTaxRelatingToRemeasurementsOfDefinedBenefitPlansOfOtherComprehensiveIncome" xlink:label="IncomeTaxRelatingToRemeasurementsOfDefinedBenefitPlansOfOtherComprehensiveIncome" xlink:title="IncomeTaxRelatingToRemeasurementsOfDefinedBenefitPlansOfOtherComprehensiveIncome"/><link:calculationArc xlink:type="arc" xlink:arcrole="http://www.xbrl.org/2003/arcrole/summation-item" xlink:from="OtherComprehensiveIncome" xlink:to="IncomeTaxRelatingToRemeasurementsOfDefinedBenefitPlansOfOtherComprehensiveIncome" xlink:title="Calculation: OtherComprehensiveIncome to IncomeTaxRelatingToRemeasurementsOfDefinedBenefitPlansOfOtherComprehensiveIncome" order="2.0" weight="-1"/><link:loc xlink:type="locator" xlink:href="http://xbrl.ifrs.org/taxonomy/2021-03-24/full_ifrs/full_ifrs-cor_2021-03-24.xsd#ifrs-full_ComprehensiveIncome" xlink:label="ComprehensiveIncome" xlink:title="ComprehensiveIncome"/><link:calculationArc xlink:type="arc" xlink:arcrole="http://www.xbrl.org/2003/arcrole/summation-item" xlink:from="ComprehensiveIncome" xlink:to="OtherComprehensiveIncome" xlink:title="Calculation: ComprehensiveIncome to OtherComprehensiveIncome" order="1.0" weight="1"/><link:calculationArc xlink:type="arc" xlink:arcrole="http://www.xbrl.org/2003/arcrole/summation-item" xlink:from="ComprehensiveIncome" xlink:to="ProfitLoss" xlink:title="Calculation: ComprehensiveIncome to ProfitLoss" order="2.0" weight="1"/></link:calculationLink><link:calculationLink xlink:type="extended" xlink:role="http://mouzakis.gr/role/StatementOfComprehensiveIncome2"><link:loc xlink:type="locator" xlink:href="http://xbrl.ifrs.org/taxonomy/2021-03-24/full_ifrs/full_ifrs-cor_2021-03-24.xsd#ifrs-full_ProfitLoss" xlink:label="ProfitLoss" xlink:title="ProfitLoss"/><link:loc xlink:type="locator" xlink:href="http://xbrl.ifrs.org/taxonomy/2021-03-24/full_ifrs/full_ifrs-cor_2021-03-24.xsd#ifrs-full_ProfitLossAttributableToOwnersOfParent" xlink:label="ProfitLossAttributableToOwnersOfParent" xlink:title="ProfitLossAttributableToOwnersOfParent"/><link:calculationArc xlink:type="arc" xlink:arcrole="http://www.xbrl.org/2003/arcrole/summation-item" xlink:from="ProfitLoss" xlink:to="ProfitLossAttributableToOwnersOfParent" xlink:title="Calculation: ProfitLoss to ProfitLossAttributableToOwnersOfParent" order="1.0" weight="1"/><link:loc xlink:type="locator" xlink:href="http://xbrl.ifrs.org/taxonomy/2021-03-24/full_ifrs/full_ifrs-cor_2021-03-24.xsd#ifrs-full_ProfitLossAttributableToNoncontrollingInterests" xlink:label="ProfitLossAttributableToNoncontrollingInterests" xlink:title="ProfitLossAttributableToNoncontrollingInterests"/><link:calculationArc xlink:type="arc" xlink:arcrole="http://www.xbrl.org/2003/arcrole/summation-item" xlink:from="ProfitLoss" xlink:to="ProfitLossAttributableToNoncontrollingInterests" xlink:title="Calculation: ProfitLoss to ProfitLossAttributableToNoncontrollingInterests" order="2.0" weight="1"/><link:loc xlink:type="locator" xlink:href="http://xbrl.ifrs.org/taxonomy/2021-03-24/full_ifrs/full_ifrs-cor_2021-03-24.xsd#ifrs-full_ComprehensiveIncome" xlink:label="ComprehensiveIncome" xlink:title="ComprehensiveIncome"/><link:loc xlink:type="locator" xlink:href="http://xbrl.ifrs.org/taxonomy/2021-03-24/full_ifrs/full_ifrs-cor_2021-03-24.xsd#ifrs-full_ComprehensiveIncomeAttributableToOwnersOfParent" xlink:label="ComprehensiveIncomeAttributableToOwnersOfParent" xlink:title="ComprehensiveIncomeAttributableToOwnersOfParent"/><link:calculationArc xlink:type="arc" xlink:arcrole="http://www.xbrl.org/2003/arcrole/summation-item" xlink:from="ComprehensiveIncome" xlink:to="ComprehensiveIncomeAttributableToOwnersOfParent" xlink:title="Calculation: ComprehensiveIncome to ComprehensiveIncomeAttributableToOwnersOfParent" order="1.0" weight="1"/><link:loc xlink:type="locator" xlink:href="http://xbrl.ifrs.org/taxonomy/2021-03-24/full_ifrs/full_ifrs-cor_2021-03-24.xsd#ifrs-full_ComprehensiveIncomeAttributableToNoncontrollingInterests" xlink:label="ComprehensiveIncomeAttributableToNoncontrollingInterests" xlink:title="ComprehensiveIncomeAttributableToNoncontrollingInterests"/><link:calculationArc xlink:type="arc" xlink:arcrole="http://www.xbrl.org/2003/arcrole/summation-item" xlink:from="ComprehensiveIncome" xlink:to="ComprehensiveIncomeAttributableToNoncontrollingInterests" xlink:title="Calculation: ComprehensiveIncome to ComprehensiveIncomeAttributableToNoncontrollingInterests" order="2.0" weight="1"/></link:calculationLink><link:calculationLink xlink:type="extended" xlink:role="http://mouzakis.gr/role/CashFlowStatement"><link:loc xlink:type="locator" xlink:href="http://xbrl.ifrs.org/taxonomy/2021-03-24/full_ifrs/full_ifrs-cor_2021-03-24.xsd#ifrs-full_CashFlowsFromUsedInOperatingActivities" xlink:label="CashFlowsFromUsedInOperatingActivities" xlink:title="CashFlowsFromUsedInOperatingActivities"/><link:loc xlink:type="locator" xlink:href="http://xbrl.ifrs.org/taxonomy/2021-03-24/full_ifrs/full_ifrs-cor_2021-03-24.xsd#ifrs-full_ProfitLossBeforeTax" xlink:label="ProfitLossBeforeTax" xlink:title="ProfitLossBeforeTax"/><link:calculationArc xlink:type="arc" xlink:arcrole="http://www.xbrl.org/2003/arcrole/summation-item" xlink:from="CashFlowsFromUsedInOperatingActivities" xlink:to="ProfitLossBeforeTax" xlink:title="Calculation: CashFlowsFromUsedInOperatingActivities to ProfitLossBeforeTax" order="1.0" weight="1"/><link:loc xlink:type="locator" xlink:href="http://xbrl.ifrs.org/taxonomy/2021-03-24/full_ifrs/full_ifrs-cor_2021-03-24.xsd#ifrs-full_AdjustmentsForDepreciationAndAmortisationExpense" xlink:label="AdjustmentsForDepreciationAndAmortisationExpense" xlink:title="AdjustmentsForDepreciationAndAmortisationExpense"/><link:calculationArc xlink:type="arc" xlink:arcrole="http://www.xbrl.org/2003/arcrole/summation-item" xlink:from="CashFlowsFromUsedInOperatingActivities" xlink:to="AdjustmentsForDepreciationAndAmortisationExpense" xlink:title="Calculation: CashFlowsFromUsedInOperatingActivities to AdjustmentsForDepreciationAndAmortisationExpense" order="2.0" weight="1"/><link:loc xlink:type="locator" xlink:href="http://xbrl.ifrs.org/taxonomy/2021-03-24/full_ifrs/full_ifrs-cor_2021-03-24.xsd#ifrs-full_AdjustmentsForProvisions" xlink:label="AdjustmentsForProvisions" xlink:title="AdjustmentsForProvisions"/><link:calculationArc xlink:type="arc" xlink:arcrole="http://www.xbrl.org/2003/arcrole/summation-item" xlink:from="CashFlowsFromUsedInOperatingActivities" xlink:to="AdjustmentsForProvisions" xlink:title="Calculation: CashFlowsFromUsedInOperatingActivities to AdjustmentsForProvisions" order="3.0" weight="1"/><link:loc xlink:type="locator" xlink:href="http://xbrl.ifrs.org/taxonomy/2021-03-24/full_ifrs/full_ifrs-cor_2021-03-24.xsd#ifrs-full_AdjustmentsForUnrealisedForeignExchangeLossesGains" xlink:label="AdjustmentsForUnrealisedForeignExchangeLossesGains" xlink:title="AdjustmentsForUnrealisedForeignExchangeLossesGains"/><link:calculationArc xlink:type="arc" xlink:arcrole="http://www.xbrl.org/2003/arcrole/summation-item" xlink:from="CashFlowsFromUsedInOperatingActivities" xlink:to="AdjustmentsForUnrealisedForeignExchangeLossesGains" xlink:title="Calculation: CashFlowsFromUsedInOperatingActivities to AdjustmentsForUnrealisedForeignExchangeLossesGains" order="4.0" weight="1"/><link:loc xlink:type="locator" xlink:href="21380021ZMHVZYWRTO10-2022-12-31.xsd#ΜΖΚ_AdjustmentsForInvestmentIncome" xlink:label="AdjustmentsForInvestmentIncome" xlink:title="AdjustmentsForInvestmentIncome"/><link:calculationArc xlink:type="arc" xlink:arcrole="http://www.xbrl.org/2003/arcrole/summation-item" xlink:from="CashFlowsFromUsedInOperatingActivities" xlink:to="AdjustmentsForInvestmentIncome" xlink:title="Calculation: CashFlowsFromUsedInOperatingActivities to AdjustmentsForInvestmentIncome" order="5.0" weight="-1"/><link:loc xlink:type="locator" xlink:href="http://xbrl.ifrs.org/taxonomy/2021-03-24/full_ifrs/full_ifrs-cor_2021-03-24.xsd#ifrs-full_AdjustmentsForInterestExpense" xlink:label="AdjustmentsForInterestExpense" xlink:title="AdjustmentsForInterestExpense"/><link:calculationArc xlink:type="arc" xlink:arcrole="http://www.xbrl.org/2003/arcrole/summation-item" xlink:from="CashFlowsFromUsedInOperatingActivities" xlink:to="AdjustmentsForInterestExpense" xlink:title="Calculation: CashFlowsFromUsedInOperatingActivities to AdjustmentsForInterestExpense" order="6.0" weight="1"/><link:loc xlink:type="locator" xlink:href="http://xbrl.ifrs.org/taxonomy/2021-03-24/full_ifrs/full_ifrs-cor_2021-03-24.xsd#ifrs-full_AdjustmentsForDecreaseIncreaseInInventories" xlink:label="AdjustmentsForDecreaseIncreaseInInventories" xlink:title="AdjustmentsForDecreaseIncreaseInInventories"/><link:calculationArc xlink:type="arc" xlink:arcrole="http://www.xbrl.org/2003/arcrole/summation-item" xlink:from="CashFlowsFromUsedInOperatingActivities" xlink:to="AdjustmentsForDecreaseIncreaseInInventories" xlink:title="Calculation: CashFlowsFromUsedInOperatingActivities to AdjustmentsForDecreaseIncreaseInInventories" order="7.0" weight="1"/><link:loc xlink:type="locator" xlink:href="http://xbrl.ifrs.org/taxonomy/2021-03-24/full_ifrs/full_ifrs-cor_2021-03-24.xsd#ifrs-full_AdjustmentsForDecreaseIncreaseInTradeAndOtherReceivables" xlink:label="AdjustmentsForDecreaseIncreaseInTradeAndOtherReceivables" xlink:title="AdjustmentsForDecreaseIncreaseInTradeAndOtherReceivables"/><link:calculationArc xlink:type="arc" xlink:arcrole="http://www.xbrl.org/2003/arcrole/summation-item" xlink:from="CashFlowsFromUsedInOperatingActivities" xlink:to="AdjustmentsForDecreaseIncreaseInTradeAndOtherReceivables" xlink:title="Calculation: CashFlowsFromUsedInOperatingActivities to AdjustmentsForDecreaseIncreaseInTradeAndOtherReceivables" order="8.0" weight="1"/><link:loc xlink:type="locator" xlink:href="http://xbrl.ifrs.org/taxonomy/2021-03-24/full_ifrs/full_ifrs-cor_2021-03-24.xsd#ifrs-full_AdjustmentsForIncreaseDecreaseInTradeAndOtherPayables" xlink:label="AdjustmentsForIncreaseDecreaseInTradeAndOtherPayables" xlink:title="AdjustmentsForIncreaseDecreaseInTradeAndOtherPayables"/><link:calculationArc xlink:type="arc" xlink:arcrole="http://www.xbrl.org/2003/arcrole/summation-item" xlink:from="CashFlowsFromUsedInOperatingActivities" xlink:to="AdjustmentsForIncreaseDecreaseInTradeAndOtherPayables" xlink:title="Calculation: CashFlowsFromUsedInOperatingActivities to AdjustmentsForIncreaseDecreaseInTradeAndOtherPayables" order="9.0" weight="1"/><link:loc xlink:type="locator" xlink:href="http://xbrl.ifrs.org/taxonomy/2021-03-24/full_ifrs/full_ifrs-cor_2021-03-24.xsd#ifrs-full_InterestPaidClassifiedAsOperatingActivities" xlink:label="InterestPaidClassifiedAsOperatingActivities" xlink:title="InterestPaidClassifiedAsOperatingActivities"/><link:calculationArc xlink:type="arc" xlink:arcrole="http://www.xbrl.org/2003/arcrole/summation-item" xlink:from="CashFlowsFromUsedInOperatingActivities" xlink:to="InterestPaidClassifiedAsOperatingActivities" xlink:title="Calculation: CashFlowsFromUsedInOperatingActivities to InterestPaidClassifiedAsOperatingActivities" order="10.0" weight="-1"/><link:loc xlink:type="locator" xlink:href="http://xbrl.ifrs.org/taxonomy/2021-03-24/full_ifrs/full_ifrs-cor_2021-03-24.xsd#ifrs-full_IncomeTaxesPaidClassifiedAsOperatingActivities" xlink:label="IncomeTaxesPaidClassifiedAsOperatingActivities" xlink:title="IncomeTaxesPaidClassifiedAsOperatingActivities"/><link:calculationArc xlink:type="arc" xlink:arcrole="http://www.xbrl.org/2003/arcrole/summation-item" xlink:from="CashFlowsFromUsedInOperatingActivities" xlink:to="IncomeTaxesPaidClassifiedAsOperatingActivities" xlink:title="Calculation: CashFlowsFromUsedInOperatingActivities to IncomeTaxesPaidClassifiedAsOperatingActivities" order="11.0" weight="-1"/><link:loc xlink:type="locator" xlink:href="http://xbrl.ifrs.org/taxonomy/2021-03-24/full_ifrs/full_ifrs-cor_2021-03-24.xsd#ifrs-full_CashFlowsFromUsedInInvestingActivities" xlink:label="CashFlowsFromUsedInInvestingActivities" xlink:title="CashFlowsFromUsedInInvestingActivities"/><link:loc xlink:type="locator" xlink:href="21380021ZMHVZYWRTO10-2022-12-31.xsd#ΜΖΚ_PurchaseOfPropertyPlantAndEquipmentAndPurchaseOfIntangibleAssetsClassifiedAsInvestingActivities" xlink:label="PurchaseOfPropertyPlantAndEquipmentAndPurchaseOfIntangibleAssetsClassifiedAsInvestingActivities" xlink:title="PurchaseOfPropertyPlantAndEquipmentAndPurchaseOfIntangibleAssetsClassifiedAsInvestingActivities"/><link:calculationArc xlink:type="arc" xlink:arcrole="http://www.xbrl.org/2003/arcrole/summation-item" xlink:from="CashFlowsFromUsedInInvestingActivities" xlink:to="PurchaseOfPropertyPlantAndEquipmentAndPurchaseOfIntangibleAssetsClassifiedAsInvestingActivities" xlink:title="Calculation: CashFlowsFromUsedInInvestingActivities to PurchaseOfPropertyPlantAndEquipmentAndPurchaseOfIntangibleAssetsClassifiedAsInvestingActivities" order="1.0" weight="-1"/><link:loc xlink:type="locator" xlink:href="21380021ZMHVZYWRTO10-2022-12-31.xsd#ΜΖΚ_ProceedsFromSalesOfPropertyPlantAndEquipmentAndProceedsFromSalesOfIntangibleAssetsClassifiedAsInvestingActivities" xlink:label="ProceedsFromSalesOfPropertyPlantAndEquipmentAndProceedsFromSalesOfIntangibleAssetsClassifiedAsInvestingActivities" xlink:title="ProceedsFromSalesOfPropertyPlantAndEquipmentAndProceedsFromSalesOfIntangibleAssetsClassifiedAsInvestingActivities"/><link:calculationArc xlink:type="arc" xlink:arcrole="http://www.xbrl.org/2003/arcrole/summation-item" xlink:from="CashFlowsFromUsedInInvestingActivities" xlink:to="ProceedsFromSalesOfPropertyPlantAndEquipmentAndProceedsFromSalesOfIntangibleAssetsClassifiedAsInvestingActivities" xlink:title="Calculation: CashFlowsFromUsedInInvestingActivities to ProceedsFromSalesOfPropertyPlantAndEquipmentAndProceedsFromSalesOfIntangibleAssetsClassifiedAsInvestingActivities" order="2.0" weight="1"/><link:loc xlink:type="locator" xlink:href="http://xbrl.ifrs.org/taxonomy/2021-03-24/full_ifrs/full_ifrs-cor_2021-03-24.xsd#ifrs-full_InterestReceivedClassifiedAsInvestingActivities" xlink:label="InterestReceivedClassifiedAsInvestingActivities" xlink:title="InterestReceivedClassifiedAsInvestingActivities"/><link:calculationArc xlink:type="arc" xlink:arcrole="http://www.xbrl.org/2003/arcrole/summation-item" xlink:from="CashFlowsFromUsedInInvestingActivities" xlink:to="InterestReceivedClassifiedAsInvestingActivities" xlink:title="Calculation: CashFlowsFromUsedInInvestingActivities to InterestReceivedClassifiedAsInvestingActivities" order="3.0" weight="1"/><link:loc xlink:type="locator" xlink:href="http://xbrl.ifrs.org/taxonomy/2021-03-24/full_ifrs/full_ifrs-cor_2021-03-24.xsd#ifrs-full_CashFlowsFromUsedInFinancingActivities" xlink:label="CashFlowsFromUsedInFinancingActivities" xlink:title="CashFlowsFromUsedInFinancingActivities"/><link:loc xlink:type="locator" xlink:href="21380021ZMHVZYWRTO10-2022-12-31.xsd#ΜΖΚ_ProceedsFromBorrowingsAndRepaymentsOfBorrowingsClassifiedAsFinancingActivities" xlink:label="ProceedsFromBorrowingsAndRepaymentsOfBorrowingsClassifiedAsFinancingActivities" xlink:title="ProceedsFromBorrowingsAndRepaymentsOfBorrowingsClassifiedAsFinancingActivities"/><link:calculationArc xlink:type="arc" xlink:arcrole="http://www.xbrl.org/2003/arcrole/summation-item" xlink:from="CashFlowsFromUsedInFinancingActivities" xlink:to="ProceedsFromBorrowingsAndRepaymentsOfBorrowingsClassifiedAsFinancingActivities" xlink:title="Calculation: CashFlowsFromUsedInFinancingActivities to ProceedsFromBorrowingsAndRepaymentsOfBorrowingsClassifiedAsFinancingActivities" order="1.0" weight="1"/><link:loc xlink:type="locator" xlink:href="http://xbrl.ifrs.org/taxonomy/2021-03-24/full_ifrs/full_ifrs-cor_2021-03-24.xsd#ifrs-full_IncreaseDecreaseInCashAndCashEquivalents" xlink:label="IncreaseDecreaseInCashAndCashEquivalents" xlink:title="IncreaseDecreaseInCashAndCashEquivalents"/><link:calculationArc xlink:type="arc" xlink:arcrole="http://www.xbrl.org/2003/arcrole/summation-item" xlink:from="IncreaseDecreaseInCashAndCashEquivalents" xlink:to="CashFlowsFromUsedInFinancingActivities" xlink:title="Calculation: IncreaseDecreaseInCashAndCashEquivalents to CashFlowsFromUsedInFinancingActivities" order="1.0" weight="1"/><link:calculationArc xlink:type="arc" xlink:arcrole="http://www.xbrl.org/2003/arcrole/summation-item" xlink:from="IncreaseDecreaseInCashAndCashEquivalents" xlink:to="CashFlowsFromUsedInInvestingActivities" xlink:title="Calculation: IncreaseDecreaseInCashAndCashEquivalents to CashFlowsFromUsedInInvestingActivities" order="2.0" weight="1"/><link:calculationArc xlink:type="arc" xlink:arcrole="http://www.xbrl.org/2003/arcrole/summation-item" xlink:from="IncreaseDecreaseInCashAndCashEquivalents" xlink:to="CashFlowsFromUsedInOperatingActivities" xlink:title="Calculation: IncreaseDecreaseInCashAndCashEquivalents to CashFlowsFromUsedInOperatingActivities" order="3.0" weight="1"/></link:calculationLink></link:linkbase>