<?xml version="1.0" encoding="UTF-8"?>
                <tp:taxonomyPackage xml:lang="en" xmlns:tp="http://xbrl.org/2016/taxonomy-package" xmlns:xsi="http://www.w3.org/2001/XMLSchema-instance" xsi:schemaLocation="http://xbrl.org/2016/taxonomy-package http://www.xbrl.org/2016/taxonomy-package.xsd">
	                <tp:identifier>http://mouzakis.gr/2021-12-31/21380021ZMHVZYWRTO10-2021-12-31</tp:identifier>
	                <tp:name>21380021ZMHVZYWRTO10-2021-12-31</tp:name>
	                <tp:description>Taxonomy extension</tp:description>
	                <tp:version>Final</tp:version>
	                <tp:publisher>ΕΛ. Δ. ΜΟΥΖΑΚΗΣ ΑΕΒΕΜΕ</tp:publisher>
	                <tp:publisherURL>www.mouzakis.gr</tp:publisherURL>
	                <tp:publisherCountry>GR</tp:publisherCountry>
	                <tp:publicationDate>2022-05-03</tp:publicationDate>  
	                <tp:entryPoints>
		                <tp:entryPoint>
			                <tp:name>21380021ZMHVZYWRTO10-2021-12-31</tp:name>
			                <tp:description>Entry point to be used to load Custom Taxonomy</tp:description><tp:entryPointDocument href="http://mouzakis.gr/2021-12-31/21380021ZMHVZYWRTO10-2021-12-31.xsd"/><tp:languages><tp:language>en</tp:language><tp:language>el</tp:language></tp:languages>
	                    </tp:entryPoint>	
                    </tp:entryPoints>	
                    </tp:taxonomyPackage>