<?xml version="1.0" encoding ="UTF-8"?><link:linkbase xmlns:xsi="http://www.w3.org/2001/XMLSchema-instance" xsi:schemaLocation="http://www.xbrl.org/2003/linkbase http://www.xbrl.org/2003/xbrl-linkbase-2003-12-31.xsd" xmlns:link="http://www.xbrl.org/2003/linkbase" xmlns:xbrli="http://www.xbrl.org/2003/instance" xmlns:xlink="http://www.w3.org/1999/xlink" xmlns:xbrldt="http://xbrl.org/2005/xbrldt"><link:arcroleRef arcroleURI="http://xbrl.org/int/dim/arcrole/domain-member" xlink:type="simple" xlink:href="http://www.xbrl.org/2005/xbrldt-2005.xsd#domain-member"/><link:arcroleRef arcroleURI="http://xbrl.org/int/dim/arcrole/dimension-default" xlink:type="simple" xlink:href="http://www.xbrl.org/2005/xbrldt-2005.xsd#dimension-default"/><link:arcroleRef arcroleURI="http://xbrl.org/int/dim/arcrole/dimension-domain" xlink:type="simple" xlink:href="http://www.xbrl.org/2005/xbrldt-2005.xsd#dimension-domain"/><link:arcroleRef arcroleURI="http://xbrl.org/int/dim/arcrole/hypercube-dimension" xlink:type="simple" xlink:href="http://www.xbrl.org/2005/xbrldt-2005.xsd#hypercube-dimension"/><link:arcroleRef arcroleURI="http://xbrl.org/int/dim/arcrole/all" xlink:type="simple" xlink:href="http://www.xbrl.org/2005/xbrldt-2005.xsd#all"/><link:arcroleRef arcroleURI="http://www.esma.europa.eu/xbrl/esef/arcrole/wider-narrower" xlink:type="simple" xlink:href="http://www.xbrl.org/lrr/arcrole/esma-arcrole-2018-11-21.xsd#wider-narrower"/><link:roleRef roleURI="http://mouzakis.gr/role/FinancialPosition" xlink:type="simple" xlink:href="21380021ZMHVZYWRTO10-2021-12-31.xsd#FinancialPosition"/><link:roleRef roleURI="http://mouzakis.gr/role/ComprehensiveIncome" xlink:type="simple" xlink:href="21380021ZMHVZYWRTO10-2021-12-31.xsd#ComprehensiveIncome"/><link:roleRef roleURI="http://mouzakis.gr/role/ChangesinEquity" xlink:type="simple" xlink:href="21380021ZMHVZYWRTO10-2021-12-31.xsd#ChangesinEquity"/><link:roleRef roleURI="http://mouzakis.gr/role/CashFlow" xlink:type="simple" xlink:href="21380021ZMHVZYWRTO10-2021-12-31.xsd#CashFlow"/><link:roleRef roleURI="http://www.esma.europa.eu/xbrl/role/cor/esef_role-999999" xlink:type="simple" xlink:href="http://www.esma.europa.eu/taxonomy/2020-03-16/esef_cor.xsd#esef_role-999999"/><link:roleRef roleURI="http://mouzakis.gr/role/Anchoring" xlink:type="simple" xlink:href="21380021ZMHVZYWRTO10-2021-12-31.xsd#Anchoring"/><link:roleRef roleURI="http://www.esma.europa.eu/xbrl/role/cor/ifrs-dim_role-990000" xlink:type="simple" xlink:href="http://www.esma.europa.eu/taxonomy/2020-03-16/esef_cor.xsd#ifrs-dim_role-990000"/><link:definitionLink xlink:type="extended" xlink:role="http://mouzakis.gr/role/FinancialPosition"><link:loc xlink:type="locator" xlink:href="http://xbrl.ifrs.org/taxonomy/2020-03-16/full_ifrs/full_ifrs-cor_2020-03-16.xsd#ifrs-full_StatementOfFinancialPositionAbstract" xlink:label="StatementOfFinancialPositionAbstract" xlink:title="StatementOfFinancialPositionAbstract"/><link:loc xlink:type="locator" xlink:href="21380021ZMHVZYWRTO10-2021-12-31.xsd#ΜΖΚ_CommonTable" xlink:label="CommonTable" xlink:title="CommonTable"/><link:definitionArc xlink:type="arc" xlink:arcrole="http://xbrl.org/int/dim/arcrole/all" xlink:from="StatementOfFinancialPositionAbstract" xlink:to="CommonTable" xbrldt:closed="true" xbrldt:contextElement="scenario" order="1.0"/><link:loc xlink:type="locator" xlink:href="http://xbrl.ifrs.org/taxonomy/2020-03-16/full_ifrs/full_ifrs-cor_2020-03-16.xsd#ifrs-full_ConsolidatedAndSeparateFinancialStatementsAxis" xlink:label="ConsolidatedAndSeparateFinancialStatementsAxis" xlink:title="ConsolidatedAndSeparateFinancialStatementsAxis"/><link:definitionArc xlink:type="arc" xlink:arcrole="http://xbrl.org/int/dim/arcrole/hypercube-dimension" xlink:from="CommonTable" xlink:to="ConsolidatedAndSeparateFinancialStatementsAxis" xlink:title="Definition: CommonTable to ConsolidatedAndSeparateFinancialStatementsAxis" order="1.0"/><link:loc xlink:type="locator" xlink:href="http://xbrl.ifrs.org/taxonomy/2020-03-16/full_ifrs/full_ifrs-cor_2020-03-16.xsd#ifrs-full_ConsolidatedMember" xlink:label="ConsolidatedMember" xlink:title="ConsolidatedMember"/><link:definitionArc xlink:type="arc" xlink:arcrole="http://xbrl.org/int/dim/arcrole/dimension-domain" xlink:from="ConsolidatedAndSeparateFinancialStatementsAxis" xlink:to="ConsolidatedMember" xlink:title="Definition: ConsolidatedAndSeparateFinancialStatementsAxis to ConsolidatedMember" order="1.0"/><link:loc xlink:type="locator" xlink:href="http://xbrl.ifrs.org/taxonomy/2020-03-16/full_ifrs/full_ifrs-cor_2020-03-16.xsd#ifrs-full_SeparateMember" xlink:label="SeparateMember" xlink:title="SeparateMember"/><link:definitionArc xlink:type="arc" xlink:arcrole="http://xbrl.org/int/dim/arcrole/dimension-domain" xlink:from="ConsolidatedAndSeparateFinancialStatementsAxis" xlink:to="SeparateMember" xlink:title="Definition: ConsolidatedAndSeparateFinancialStatementsAxis to SeparateMember" order="2.0"/><link:loc xlink:type="locator" xlink:href="http://xbrl.ifrs.org/taxonomy/2020-03-16/full_ifrs/full_ifrs-cor_2020-03-16.xsd#ifrs-full_AssetsAbstract" xlink:label="AssetsAbstract" xlink:title="AssetsAbstract"/><link:definitionArc xlink:type="arc" xlink:arcrole="http://xbrl.org/int/dim/arcrole/domain-member" xlink:from="StatementOfFinancialPositionAbstract" xlink:to="AssetsAbstract" xlink:title="Definition: StatementOfFinancialPositionAbstract to AssetsAbstract" order="2.0"/><link:loc xlink:type="locator" xlink:href="http://xbrl.ifrs.org/taxonomy/2020-03-16/full_ifrs/full_ifrs-cor_2020-03-16.xsd#ifrs-full_NoncurrentAssetsAbstract" xlink:label="NoncurrentAssetsAbstract" xlink:title="NoncurrentAssetsAbstract"/><link:definitionArc xlink:type="arc" xlink:arcrole="http://xbrl.org/int/dim/arcrole/domain-member" xlink:from="AssetsAbstract" xlink:to="NoncurrentAssetsAbstract" xlink:title="Definition: AssetsAbstract to NoncurrentAssetsAbstract" order="1.0"/><link:loc xlink:type="locator" xlink:href="http://xbrl.ifrs.org/taxonomy/2020-03-16/full_ifrs/full_ifrs-cor_2020-03-16.xsd#ifrs-full_PropertyPlantAndEquipment" xlink:label="PropertyPlantAndEquipment" xlink:title="PropertyPlantAndEquipment"/><link:definitionArc xlink:type="arc" xlink:arcrole="http://xbrl.org/int/dim/arcrole/domain-member" xlink:from="NoncurrentAssetsAbstract" xlink:to="PropertyPlantAndEquipment" xlink:title="Definition: NoncurrentAssetsAbstract to PropertyPlantAndEquipment" order="1.0"/><link:loc xlink:type="locator" xlink:href="http://xbrl.ifrs.org/taxonomy/2020-03-16/full_ifrs/full_ifrs-cor_2020-03-16.xsd#ifrs-full_InvestmentProperty" xlink:label="InvestmentProperty" xlink:title="InvestmentProperty"/><link:definitionArc xlink:type="arc" xlink:arcrole="http://xbrl.org/int/dim/arcrole/domain-member" xlink:from="NoncurrentAssetsAbstract" xlink:to="InvestmentProperty" xlink:title="Definition: NoncurrentAssetsAbstract to InvestmentProperty" order="2.0"/><link:loc xlink:type="locator" xlink:href="http://xbrl.ifrs.org/taxonomy/2020-03-16/full_ifrs/full_ifrs-cor_2020-03-16.xsd#ifrs-full_IntangibleAssetsAndGoodwill" xlink:label="IntangibleAssetsAndGoodwill" xlink:title="IntangibleAssetsAndGoodwill"/><link:definitionArc xlink:type="arc" xlink:arcrole="http://xbrl.org/int/dim/arcrole/domain-member" xlink:from="NoncurrentAssetsAbstract" xlink:to="IntangibleAssetsAndGoodwill" xlink:title="Definition: NoncurrentAssetsAbstract to IntangibleAssetsAndGoodwill" order="3.0"/><link:loc xlink:type="locator" xlink:href="http://xbrl.ifrs.org/taxonomy/2020-03-16/full_ifrs/full_ifrs-cor_2020-03-16.xsd#ifrs-full_InvestmentsInSubsidiaries" xlink:label="InvestmentsInSubsidiaries" xlink:title="InvestmentsInSubsidiaries"/><link:definitionArc xlink:type="arc" xlink:arcrole="http://xbrl.org/int/dim/arcrole/domain-member" xlink:from="NoncurrentAssetsAbstract" xlink:to="InvestmentsInSubsidiaries" xlink:title="Definition: NoncurrentAssetsAbstract to InvestmentsInSubsidiaries" order="4.0"/><link:loc xlink:type="locator" xlink:href="http://xbrl.ifrs.org/taxonomy/2020-03-16/full_ifrs/full_ifrs-cor_2020-03-16.xsd#ifrs-full_OtherNoncurrentReceivables" xlink:label="OtherNoncurrentReceivables" xlink:title="OtherNoncurrentReceivables"/><link:definitionArc xlink:type="arc" xlink:arcrole="http://xbrl.org/int/dim/arcrole/domain-member" xlink:from="NoncurrentAssetsAbstract" xlink:to="OtherNoncurrentReceivables" xlink:title="Definition: NoncurrentAssetsAbstract to OtherNoncurrentReceivables" order="5.0"/><link:loc xlink:type="locator" xlink:href="http://xbrl.ifrs.org/taxonomy/2020-03-16/full_ifrs/full_ifrs-cor_2020-03-16.xsd#ifrs-full_NoncurrentAssets" xlink:label="NoncurrentAssets" xlink:title="NoncurrentAssets"/><link:definitionArc xlink:type="arc" xlink:arcrole="http://xbrl.org/int/dim/arcrole/domain-member" xlink:from="NoncurrentAssetsAbstract" xlink:to="NoncurrentAssets" xlink:title="Definition: NoncurrentAssetsAbstract to NoncurrentAssets" order="6.0"/><link:loc xlink:type="locator" xlink:href="http://xbrl.ifrs.org/taxonomy/2020-03-16/full_ifrs/full_ifrs-cor_2020-03-16.xsd#ifrs-full_CurrentAssetsAbstract" xlink:label="CurrentAssetsAbstract" xlink:title="CurrentAssetsAbstract"/><link:definitionArc xlink:type="arc" xlink:arcrole="http://xbrl.org/int/dim/arcrole/domain-member" xlink:from="AssetsAbstract" xlink:to="CurrentAssetsAbstract" xlink:title="Definition: AssetsAbstract to CurrentAssetsAbstract" order="2.0"/><link:loc xlink:type="locator" xlink:href="http://xbrl.ifrs.org/taxonomy/2020-03-16/full_ifrs/full_ifrs-cor_2020-03-16.xsd#ifrs-full_Inventories" xlink:label="Inventories" xlink:title="Inventories"/><link:definitionArc xlink:type="arc" xlink:arcrole="http://xbrl.org/int/dim/arcrole/domain-member" xlink:from="CurrentAssetsAbstract" xlink:to="Inventories" xlink:title="Definition: CurrentAssetsAbstract to Inventories" order="1.0"/><link:loc xlink:type="locator" xlink:href="http://xbrl.ifrs.org/taxonomy/2020-03-16/full_ifrs/full_ifrs-cor_2020-03-16.xsd#ifrs-full_CurrentTradeReceivables" xlink:label="CurrentTradeReceivables" xlink:title="CurrentTradeReceivables"/><link:definitionArc xlink:type="arc" xlink:arcrole="http://xbrl.org/int/dim/arcrole/domain-member" xlink:from="CurrentAssetsAbstract" xlink:to="CurrentTradeReceivables" xlink:title="Definition: CurrentAssetsAbstract to CurrentTradeReceivables" order="2.0"/><link:loc xlink:type="locator" xlink:href="http://xbrl.ifrs.org/taxonomy/2020-03-16/full_ifrs/full_ifrs-cor_2020-03-16.xsd#ifrs-full_OtherCurrentReceivables" xlink:label="OtherCurrentReceivables" xlink:title="OtherCurrentReceivables"/><link:definitionArc xlink:type="arc" xlink:arcrole="http://xbrl.org/int/dim/arcrole/domain-member" xlink:from="CurrentAssetsAbstract" xlink:to="OtherCurrentReceivables" xlink:title="Definition: CurrentAssetsAbstract to OtherCurrentReceivables" order="3.0"/><link:loc xlink:type="locator" xlink:href="http://xbrl.ifrs.org/taxonomy/2020-03-16/full_ifrs/full_ifrs-cor_2020-03-16.xsd#ifrs-full_CashAndCashEquivalents" xlink:label="CashAndCashEquivalents" xlink:title="CashAndCashEquivalents"/><link:definitionArc xlink:type="arc" xlink:arcrole="http://xbrl.org/int/dim/arcrole/domain-member" xlink:from="CurrentAssetsAbstract" xlink:to="CashAndCashEquivalents" xlink:title="Definition: CurrentAssetsAbstract to CashAndCashEquivalents" order="4.0"/><link:loc xlink:type="locator" xlink:href="http://xbrl.ifrs.org/taxonomy/2020-03-16/full_ifrs/full_ifrs-cor_2020-03-16.xsd#ifrs-full_CurrentAssets" xlink:label="CurrentAssets" xlink:title="CurrentAssets"/><link:definitionArc xlink:type="arc" xlink:arcrole="http://xbrl.org/int/dim/arcrole/domain-member" xlink:from="CurrentAssetsAbstract" xlink:to="CurrentAssets" xlink:title="Definition: CurrentAssetsAbstract to CurrentAssets" order="5.0"/><link:loc xlink:type="locator" xlink:href="http://xbrl.ifrs.org/taxonomy/2020-03-16/full_ifrs/full_ifrs-cor_2020-03-16.xsd#ifrs-full_Assets" xlink:label="Assets" xlink:title="Assets"/><link:definitionArc xlink:type="arc" xlink:arcrole="http://xbrl.org/int/dim/arcrole/domain-member" xlink:from="AssetsAbstract" xlink:to="Assets" xlink:title="Definition: AssetsAbstract to Assets" order="3.0"/><link:loc xlink:type="locator" xlink:href="http://xbrl.ifrs.org/taxonomy/2020-03-16/full_ifrs/full_ifrs-cor_2020-03-16.xsd#ifrs-full_EquityAndLiabilitiesAbstract" xlink:label="EquityAndLiabilitiesAbstract" xlink:title="EquityAndLiabilitiesAbstract"/><link:definitionArc xlink:type="arc" xlink:arcrole="http://xbrl.org/int/dim/arcrole/domain-member" xlink:from="StatementOfFinancialPositionAbstract" xlink:to="EquityAndLiabilitiesAbstract" xlink:title="Definition: StatementOfFinancialPositionAbstract to EquityAndLiabilitiesAbstract" order="3.0"/><link:loc xlink:type="locator" xlink:href="http://xbrl.ifrs.org/taxonomy/2020-03-16/full_ifrs/full_ifrs-cor_2020-03-16.xsd#ifrs-full_EquityAbstract" xlink:label="EquityAbstract" xlink:title="EquityAbstract"/><link:definitionArc xlink:type="arc" xlink:arcrole="http://xbrl.org/int/dim/arcrole/domain-member" xlink:from="EquityAndLiabilitiesAbstract" xlink:to="EquityAbstract" xlink:title="Definition: EquityAndLiabilitiesAbstract to EquityAbstract" order="1.0"/><link:loc xlink:type="locator" xlink:href="http://xbrl.ifrs.org/taxonomy/2020-03-16/full_ifrs/full_ifrs-cor_2020-03-16.xsd#ifrs-full_IssuedCapital" xlink:label="IssuedCapital" xlink:title="IssuedCapital"/><link:definitionArc xlink:type="arc" xlink:arcrole="http://xbrl.org/int/dim/arcrole/domain-member" xlink:from="EquityAbstract" xlink:to="IssuedCapital" xlink:title="Definition: EquityAbstract to IssuedCapital" order="1.0"/><link:loc xlink:type="locator" xlink:href="http://xbrl.ifrs.org/taxonomy/2020-03-16/full_ifrs/full_ifrs-cor_2020-03-16.xsd#ifrs-full_RevaluationSurplus" xlink:label="RevaluationSurplus" xlink:title="RevaluationSurplus"/><link:definitionArc xlink:type="arc" xlink:arcrole="http://xbrl.org/int/dim/arcrole/domain-member" xlink:from="EquityAbstract" xlink:to="RevaluationSurplus" xlink:title="Definition: EquityAbstract to RevaluationSurplus" order="2.0"/><link:loc xlink:type="locator" xlink:href="21380021ZMHVZYWRTO10-2021-12-31.xsd#ΜΖΚ_MiscellaneousOtherReserves" xlink:label="MiscellaneousOtherReserves" xlink:title="MiscellaneousOtherReserves"/><link:definitionArc xlink:type="arc" xlink:arcrole="http://xbrl.org/int/dim/arcrole/domain-member" xlink:from="EquityAbstract" xlink:to="MiscellaneousOtherReserves" xlink:title="Definition: EquityAbstract to MiscellaneousOtherReserves" order="3.0"/><link:loc xlink:type="locator" xlink:href="http://xbrl.ifrs.org/taxonomy/2020-03-16/full_ifrs/full_ifrs-cor_2020-03-16.xsd#ifrs-full_RetainedEarnings" xlink:label="RetainedEarnings" xlink:title="RetainedEarnings"/><link:definitionArc xlink:type="arc" xlink:arcrole="http://xbrl.org/int/dim/arcrole/domain-member" xlink:from="EquityAbstract" xlink:to="RetainedEarnings" xlink:title="Definition: EquityAbstract to RetainedEarnings" order="4.0"/><link:loc xlink:type="locator" xlink:href="http://xbrl.ifrs.org/taxonomy/2020-03-16/full_ifrs/full_ifrs-cor_2020-03-16.xsd#ifrs-full_EquityAttributableToOwnersOfParent" xlink:label="EquityAttributableToOwnersOfParent" xlink:title="EquityAttributableToOwnersOfParent"/><link:definitionArc xlink:type="arc" xlink:arcrole="http://xbrl.org/int/dim/arcrole/domain-member" xlink:from="EquityAbstract" xlink:to="EquityAttributableToOwnersOfParent" xlink:title="Definition: EquityAbstract to EquityAttributableToOwnersOfParent" order="5.0"/><link:loc xlink:type="locator" xlink:href="http://xbrl.ifrs.org/taxonomy/2020-03-16/full_ifrs/full_ifrs-cor_2020-03-16.xsd#ifrs-full_NoncontrollingInterests" xlink:label="NoncontrollingInterests" xlink:title="NoncontrollingInterests"/><link:definitionArc xlink:type="arc" xlink:arcrole="http://xbrl.org/int/dim/arcrole/domain-member" xlink:from="EquityAbstract" xlink:to="NoncontrollingInterests" xlink:title="Definition: EquityAbstract to NoncontrollingInterests" order="6.0"/><link:loc xlink:type="locator" xlink:href="http://xbrl.ifrs.org/taxonomy/2020-03-16/full_ifrs/full_ifrs-cor_2020-03-16.xsd#ifrs-full_Equity" xlink:label="Equity" xlink:title="Equity"/><link:definitionArc xlink:type="arc" xlink:arcrole="http://xbrl.org/int/dim/arcrole/domain-member" xlink:from="EquityAbstract" xlink:to="Equity" xlink:title="Definition: EquityAbstract to Equity" order="7.0"/><link:loc xlink:type="locator" xlink:href="http://xbrl.ifrs.org/taxonomy/2020-03-16/full_ifrs/full_ifrs-cor_2020-03-16.xsd#ifrs-full_LiabilitiesAbstract" xlink:label="LiabilitiesAbstract" xlink:title="LiabilitiesAbstract"/><link:definitionArc xlink:type="arc" xlink:arcrole="http://xbrl.org/int/dim/arcrole/domain-member" xlink:from="EquityAndLiabilitiesAbstract" xlink:to="LiabilitiesAbstract" xlink:title="Definition: EquityAndLiabilitiesAbstract to LiabilitiesAbstract" order="2.0"/><link:loc xlink:type="locator" xlink:href="http://xbrl.ifrs.org/taxonomy/2020-03-16/full_ifrs/full_ifrs-cor_2020-03-16.xsd#ifrs-full_NoncurrentLiabilitiesAbstract" xlink:label="NoncurrentLiabilitiesAbstract" xlink:title="NoncurrentLiabilitiesAbstract"/><link:definitionArc xlink:type="arc" xlink:arcrole="http://xbrl.org/int/dim/arcrole/domain-member" xlink:from="LiabilitiesAbstract" xlink:to="NoncurrentLiabilitiesAbstract" xlink:title="Definition: LiabilitiesAbstract to NoncurrentLiabilitiesAbstract" order="1.0"/><link:loc xlink:type="locator" xlink:href="http://xbrl.ifrs.org/taxonomy/2020-03-16/full_ifrs/full_ifrs-cor_2020-03-16.xsd#ifrs-full_LongtermBorrowings" xlink:label="LongtermBorrowings" xlink:title="LongtermBorrowings"/><link:definitionArc xlink:type="arc" xlink:arcrole="http://xbrl.org/int/dim/arcrole/domain-member" xlink:from="NoncurrentLiabilitiesAbstract" xlink:to="LongtermBorrowings" xlink:title="Definition: NoncurrentLiabilitiesAbstract to LongtermBorrowings" order="1.0"/><link:loc xlink:type="locator" xlink:href="http://xbrl.ifrs.org/taxonomy/2020-03-16/full_ifrs/full_ifrs-cor_2020-03-16.xsd#ifrs-full_NoncurrentProvisionsForEmployeeBenefits" xlink:label="NoncurrentProvisionsForEmployeeBenefits" xlink:title="NoncurrentProvisionsForEmployeeBenefits"/><link:definitionArc xlink:type="arc" xlink:arcrole="http://xbrl.org/int/dim/arcrole/domain-member" xlink:from="NoncurrentLiabilitiesAbstract" xlink:to="NoncurrentProvisionsForEmployeeBenefits" xlink:title="Definition: NoncurrentLiabilitiesAbstract to NoncurrentProvisionsForEmployeeBenefits" order="2.0"/><link:loc xlink:type="locator" xlink:href="http://xbrl.ifrs.org/taxonomy/2020-03-16/full_ifrs/full_ifrs-cor_2020-03-16.xsd#ifrs-full_DeferredTaxLiabilities" xlink:label="DeferredTaxLiabilities" xlink:title="DeferredTaxLiabilities"/><link:definitionArc xlink:type="arc" xlink:arcrole="http://xbrl.org/int/dim/arcrole/domain-member" xlink:from="NoncurrentLiabilitiesAbstract" xlink:to="DeferredTaxLiabilities" xlink:title="Definition: NoncurrentLiabilitiesAbstract to DeferredTaxLiabilities" order="3.0"/><link:loc xlink:type="locator" xlink:href="http://xbrl.ifrs.org/taxonomy/2020-03-16/full_ifrs/full_ifrs-cor_2020-03-16.xsd#ifrs-full_OtherNoncurrentLiabilities" xlink:label="OtherNoncurrentLiabilities" xlink:title="OtherNoncurrentLiabilities"/><link:definitionArc xlink:type="arc" xlink:arcrole="http://xbrl.org/int/dim/arcrole/domain-member" xlink:from="NoncurrentLiabilitiesAbstract" xlink:to="OtherNoncurrentLiabilities" xlink:title="Definition: NoncurrentLiabilitiesAbstract to OtherNoncurrentLiabilities" order="4.0"/><link:loc xlink:type="locator" xlink:href="http://xbrl.ifrs.org/taxonomy/2020-03-16/full_ifrs/full_ifrs-cor_2020-03-16.xsd#ifrs-full_NoncurrentLiabilities" xlink:label="NoncurrentLiabilities" xlink:title="NoncurrentLiabilities"/><link:definitionArc xlink:type="arc" xlink:arcrole="http://xbrl.org/int/dim/arcrole/domain-member" xlink:from="NoncurrentLiabilitiesAbstract" xlink:to="NoncurrentLiabilities" xlink:title="Definition: NoncurrentLiabilitiesAbstract to NoncurrentLiabilities" order="5.0"/><link:loc xlink:type="locator" xlink:href="http://xbrl.ifrs.org/taxonomy/2020-03-16/full_ifrs/full_ifrs-cor_2020-03-16.xsd#ifrs-full_CurrentLiabilitiesAbstract" xlink:label="CurrentLiabilitiesAbstract" xlink:title="CurrentLiabilitiesAbstract"/><link:definitionArc xlink:type="arc" xlink:arcrole="http://xbrl.org/int/dim/arcrole/domain-member" xlink:from="LiabilitiesAbstract" xlink:to="CurrentLiabilitiesAbstract" xlink:title="Definition: LiabilitiesAbstract to CurrentLiabilitiesAbstract" order="2.0"/><link:loc xlink:type="locator" xlink:href="http://xbrl.ifrs.org/taxonomy/2020-03-16/full_ifrs/full_ifrs-cor_2020-03-16.xsd#ifrs-full_TradeAndOtherCurrentPayables" xlink:label="TradeAndOtherCurrentPayables" xlink:title="TradeAndOtherCurrentPayables"/><link:definitionArc xlink:type="arc" xlink:arcrole="http://xbrl.org/int/dim/arcrole/domain-member" xlink:from="CurrentLiabilitiesAbstract" xlink:to="TradeAndOtherCurrentPayables" xlink:title="Definition: CurrentLiabilitiesAbstract to TradeAndOtherCurrentPayables" order="1.0"/><link:loc xlink:type="locator" xlink:href="http://xbrl.ifrs.org/taxonomy/2020-03-16/full_ifrs/full_ifrs-cor_2020-03-16.xsd#ifrs-full_CurrentTaxLiabilitiesCurrent" xlink:label="CurrentTaxLiabilitiesCurrent" xlink:title="CurrentTaxLiabilitiesCurrent"/><link:definitionArc xlink:type="arc" xlink:arcrole="http://xbrl.org/int/dim/arcrole/domain-member" xlink:from="CurrentLiabilitiesAbstract" xlink:to="CurrentTaxLiabilitiesCurrent" xlink:title="Definition: CurrentLiabilitiesAbstract to CurrentTaxLiabilitiesCurrent" order="2.0"/><link:loc xlink:type="locator" xlink:href="http://xbrl.ifrs.org/taxonomy/2020-03-16/full_ifrs/full_ifrs-cor_2020-03-16.xsd#ifrs-full_OtherCurrentLiabilities" xlink:label="OtherCurrentLiabilities" xlink:title="OtherCurrentLiabilities"/><link:definitionArc xlink:type="arc" xlink:arcrole="http://xbrl.org/int/dim/arcrole/domain-member" xlink:from="CurrentLiabilitiesAbstract" xlink:to="OtherCurrentLiabilities" xlink:title="Definition: CurrentLiabilitiesAbstract to OtherCurrentLiabilities" order="3.0"/><link:loc xlink:type="locator" xlink:href="http://xbrl.ifrs.org/taxonomy/2020-03-16/full_ifrs/full_ifrs-cor_2020-03-16.xsd#ifrs-full_CurrentLiabilities" xlink:label="CurrentLiabilities" xlink:title="CurrentLiabilities"/><link:definitionArc xlink:type="arc" xlink:arcrole="http://xbrl.org/int/dim/arcrole/domain-member" xlink:from="CurrentLiabilitiesAbstract" xlink:to="CurrentLiabilities" xlink:title="Definition: CurrentLiabilitiesAbstract to CurrentLiabilities" order="4.0"/><link:loc xlink:type="locator" xlink:href="http://xbrl.ifrs.org/taxonomy/2020-03-16/full_ifrs/full_ifrs-cor_2020-03-16.xsd#ifrs-full_Liabilities" xlink:label="Liabilities" xlink:title="Liabilities"/><link:definitionArc xlink:type="arc" xlink:arcrole="http://xbrl.org/int/dim/arcrole/domain-member" xlink:from="LiabilitiesAbstract" xlink:to="Liabilities" xlink:title="Definition: LiabilitiesAbstract to Liabilities" order="3.0"/><link:loc xlink:type="locator" xlink:href="http://xbrl.ifrs.org/taxonomy/2020-03-16/full_ifrs/full_ifrs-cor_2020-03-16.xsd#ifrs-full_EquityAndLiabilities" xlink:label="EquityAndLiabilities" xlink:title="EquityAndLiabilities"/><link:definitionArc xlink:type="arc" xlink:arcrole="http://xbrl.org/int/dim/arcrole/domain-member" xlink:from="EquityAndLiabilitiesAbstract" xlink:to="EquityAndLiabilities" xlink:title="Definition: EquityAndLiabilitiesAbstract to EquityAndLiabilities" order="3.0"/></link:definitionLink><link:definitionLink xlink:type="extended" xlink:role="http://mouzakis.gr/role/ComprehensiveIncome"><link:loc xlink:type="locator" xlink:href="http://xbrl.ifrs.org/taxonomy/2020-03-16/full_ifrs/full_ifrs-cor_2020-03-16.xsd#ifrs-full_StatementOfComprehensiveIncomeAbstract" xlink:label="StatementOfComprehensiveIncomeAbstract" xlink:title="StatementOfComprehensiveIncomeAbstract"/><link:loc xlink:type="locator" xlink:href="21380021ZMHVZYWRTO10-2021-12-31.xsd#ΜΖΚ_CommonTable" xlink:label="CommonTable" xlink:title="CommonTable"/><link:definitionArc xlink:type="arc" xlink:arcrole="http://xbrl.org/int/dim/arcrole/all" xlink:from="StatementOfComprehensiveIncomeAbstract" xlink:to="CommonTable" xbrldt:closed="true" xbrldt:contextElement="scenario" order="1.0"/><link:loc xlink:type="locator" xlink:href="http://xbrl.ifrs.org/taxonomy/2020-03-16/full_ifrs/full_ifrs-cor_2020-03-16.xsd#ifrs-full_ConsolidatedAndSeparateFinancialStatementsAxis" xlink:label="ConsolidatedAndSeparateFinancialStatementsAxis" xlink:title="ConsolidatedAndSeparateFinancialStatementsAxis"/><link:definitionArc xlink:type="arc" xlink:arcrole="http://xbrl.org/int/dim/arcrole/hypercube-dimension" xlink:from="CommonTable" xlink:to="ConsolidatedAndSeparateFinancialStatementsAxis" xlink:title="Definition: CommonTable to ConsolidatedAndSeparateFinancialStatementsAxis" order="1.0"/><link:loc xlink:type="locator" xlink:href="http://xbrl.ifrs.org/taxonomy/2020-03-16/full_ifrs/full_ifrs-cor_2020-03-16.xsd#ifrs-full_ConsolidatedMember" xlink:label="ConsolidatedMember" xlink:title="ConsolidatedMember"/><link:definitionArc xlink:type="arc" xlink:arcrole="http://xbrl.org/int/dim/arcrole/dimension-domain" xlink:from="ConsolidatedAndSeparateFinancialStatementsAxis" xlink:to="ConsolidatedMember" xlink:title="Definition: ConsolidatedAndSeparateFinancialStatementsAxis to ConsolidatedMember" order="1.0"/><link:loc xlink:type="locator" xlink:href="http://xbrl.ifrs.org/taxonomy/2020-03-16/full_ifrs/full_ifrs-cor_2020-03-16.xsd#ifrs-full_SeparateMember" xlink:label="SeparateMember" xlink:title="SeparateMember"/><link:definitionArc xlink:type="arc" xlink:arcrole="http://xbrl.org/int/dim/arcrole/dimension-domain" xlink:from="ConsolidatedAndSeparateFinancialStatementsAxis" xlink:to="SeparateMember" xlink:title="Definition: ConsolidatedAndSeparateFinancialStatementsAxis to SeparateMember" order="2.0"/><link:loc xlink:type="locator" xlink:href="http://xbrl.ifrs.org/taxonomy/2020-03-16/full_ifrs/full_ifrs-cor_2020-03-16.xsd#ifrs-full_Revenue" xlink:label="Revenue" xlink:title="Revenue"/><link:definitionArc xlink:type="arc" xlink:arcrole="http://xbrl.org/int/dim/arcrole/domain-member" xlink:from="StatementOfComprehensiveIncomeAbstract" xlink:to="Revenue" xlink:title="Definition: StatementOfComprehensiveIncomeAbstract to Revenue" order="2.0"/><link:loc xlink:type="locator" xlink:href="http://xbrl.ifrs.org/taxonomy/2020-03-16/full_ifrs/full_ifrs-cor_2020-03-16.xsd#ifrs-full_CostOfSales" xlink:label="CostOfSales" xlink:title="CostOfSales"/><link:definitionArc xlink:type="arc" xlink:arcrole="http://xbrl.org/int/dim/arcrole/domain-member" xlink:from="StatementOfComprehensiveIncomeAbstract" xlink:to="CostOfSales" xlink:title="Definition: StatementOfComprehensiveIncomeAbstract to CostOfSales" order="3.0"/><link:loc xlink:type="locator" xlink:href="http://xbrl.ifrs.org/taxonomy/2020-03-16/full_ifrs/full_ifrs-cor_2020-03-16.xsd#ifrs-full_GrossProfit" xlink:label="GrossProfit" xlink:title="GrossProfit"/><link:definitionArc xlink:type="arc" xlink:arcrole="http://xbrl.org/int/dim/arcrole/domain-member" xlink:from="StatementOfComprehensiveIncomeAbstract" xlink:to="GrossProfit" xlink:title="Definition: StatementOfComprehensiveIncomeAbstract to GrossProfit" order="4.0"/><link:loc xlink:type="locator" xlink:href="http://xbrl.ifrs.org/taxonomy/2020-03-16/full_ifrs/full_ifrs-cor_2020-03-16.xsd#ifrs-full_OtherIncome" xlink:label="OtherIncome" xlink:title="OtherIncome"/><link:definitionArc xlink:type="arc" xlink:arcrole="http://xbrl.org/int/dim/arcrole/domain-member" xlink:from="StatementOfComprehensiveIncomeAbstract" xlink:to="OtherIncome" xlink:title="Definition: StatementOfComprehensiveIncomeAbstract to OtherIncome" order="5.0"/><link:loc xlink:type="locator" xlink:href="http://xbrl.ifrs.org/taxonomy/2020-03-16/full_ifrs/full_ifrs-cor_2020-03-16.xsd#ifrs-full_AdministrativeExpense" xlink:label="AdministrativeExpense" xlink:title="AdministrativeExpense"/><link:definitionArc xlink:type="arc" xlink:arcrole="http://xbrl.org/int/dim/arcrole/domain-member" xlink:from="StatementOfComprehensiveIncomeAbstract" xlink:to="AdministrativeExpense" xlink:title="Definition: StatementOfComprehensiveIncomeAbstract to AdministrativeExpense" order="6.0"/><link:loc xlink:type="locator" xlink:href="21380021ZMHVZYWRTO10-2021-12-31.xsd#ΜΖΚ_SellingExpenseAndDistributionCosts" xlink:label="SellingExpenseAndDistributionCosts" xlink:title="SellingExpenseAndDistributionCosts"/><link:definitionArc xlink:type="arc" xlink:arcrole="http://xbrl.org/int/dim/arcrole/domain-member" xlink:from="StatementOfComprehensiveIncomeAbstract" xlink:to="SellingExpenseAndDistributionCosts" xlink:title="Definition: StatementOfComprehensiveIncomeAbstract to SellingExpenseAndDistributionCosts" order="7.0"/><link:loc xlink:type="locator" xlink:href="http://xbrl.ifrs.org/taxonomy/2020-03-16/full_ifrs/full_ifrs-cor_2020-03-16.xsd#ifrs-full_OtherExpenseByFunction" xlink:label="OtherExpenseByFunction" xlink:title="OtherExpenseByFunction"/><link:definitionArc xlink:type="arc" xlink:arcrole="http://xbrl.org/int/dim/arcrole/domain-member" xlink:from="StatementOfComprehensiveIncomeAbstract" xlink:to="OtherExpenseByFunction" xlink:title="Definition: StatementOfComprehensiveIncomeAbstract to OtherExpenseByFunction" order="8.0"/><link:loc xlink:type="locator" xlink:href="http://xbrl.ifrs.org/taxonomy/2020-03-16/full_ifrs/full_ifrs-cor_2020-03-16.xsd#ifrs-full_ProfitLossFromOperatingActivities" xlink:label="ProfitLossFromOperatingActivities" xlink:title="ProfitLossFromOperatingActivities"/><link:definitionArc xlink:type="arc" xlink:arcrole="http://xbrl.org/int/dim/arcrole/domain-member" xlink:from="StatementOfComprehensiveIncomeAbstract" xlink:to="ProfitLossFromOperatingActivities" xlink:title="Definition: StatementOfComprehensiveIncomeAbstract to ProfitLossFromOperatingActivities" order="9.0"/><link:loc xlink:type="locator" xlink:href="http://xbrl.ifrs.org/taxonomy/2020-03-16/full_ifrs/full_ifrs-cor_2020-03-16.xsd#ifrs-full_GainsLossesOnFairValueAdjustmentInvestmentProperty" xlink:label="GainsLossesOnFairValueAdjustmentInvestmentProperty" xlink:title="GainsLossesOnFairValueAdjustmentInvestmentProperty"/><link:definitionArc xlink:type="arc" xlink:arcrole="http://xbrl.org/int/dim/arcrole/domain-member" xlink:from="StatementOfComprehensiveIncomeAbstract" xlink:to="GainsLossesOnFairValueAdjustmentInvestmentProperty" xlink:title="Definition: StatementOfComprehensiveIncomeAbstract to GainsLossesOnFairValueAdjustmentInvestmentProperty" order="10.0"/><link:loc xlink:type="locator" xlink:href="http://xbrl.ifrs.org/taxonomy/2020-03-16/full_ifrs/full_ifrs-cor_2020-03-16.xsd#ifrs-full_FinanceIncome" xlink:label="FinanceIncome" xlink:title="FinanceIncome"/><link:definitionArc xlink:type="arc" xlink:arcrole="http://xbrl.org/int/dim/arcrole/domain-member" xlink:from="StatementOfComprehensiveIncomeAbstract" xlink:to="FinanceIncome" xlink:title="Definition: StatementOfComprehensiveIncomeAbstract to FinanceIncome" order="11.0"/><link:loc xlink:type="locator" xlink:href="http://xbrl.ifrs.org/taxonomy/2020-03-16/full_ifrs/full_ifrs-cor_2020-03-16.xsd#ifrs-full_FinanceCosts" xlink:label="FinanceCosts" xlink:title="FinanceCosts"/><link:definitionArc xlink:type="arc" xlink:arcrole="http://xbrl.org/int/dim/arcrole/domain-member" xlink:from="StatementOfComprehensiveIncomeAbstract" xlink:to="FinanceCosts" xlink:title="Definition: StatementOfComprehensiveIncomeAbstract to FinanceCosts" order="12.0"/><link:loc xlink:type="locator" xlink:href="http://xbrl.ifrs.org/taxonomy/2020-03-16/full_ifrs/full_ifrs-cor_2020-03-16.xsd#ifrs-full_ProfitLossBeforeTax" xlink:label="ProfitLossBeforeTax" xlink:title="ProfitLossBeforeTax"/><link:definitionArc xlink:type="arc" xlink:arcrole="http://xbrl.org/int/dim/arcrole/domain-member" xlink:from="StatementOfComprehensiveIncomeAbstract" xlink:to="ProfitLossBeforeTax" xlink:title="Definition: StatementOfComprehensiveIncomeAbstract to ProfitLossBeforeTax" order="13.0"/><link:loc xlink:type="locator" xlink:href="http://xbrl.ifrs.org/taxonomy/2020-03-16/full_ifrs/full_ifrs-cor_2020-03-16.xsd#ifrs-full_IncomeTaxExpenseContinuingOperations" xlink:label="IncomeTaxExpenseContinuingOperations" xlink:title="IncomeTaxExpenseContinuingOperations"/><link:definitionArc xlink:type="arc" xlink:arcrole="http://xbrl.org/int/dim/arcrole/domain-member" xlink:from="StatementOfComprehensiveIncomeAbstract" xlink:to="IncomeTaxExpenseContinuingOperations" xlink:title="Definition: StatementOfComprehensiveIncomeAbstract to IncomeTaxExpenseContinuingOperations" order="14.0"/><link:loc xlink:type="locator" xlink:href="http://xbrl.ifrs.org/taxonomy/2020-03-16/full_ifrs/full_ifrs-cor_2020-03-16.xsd#ifrs-full_ProfitLoss" xlink:label="ProfitLoss" xlink:title="ProfitLoss"/><link:definitionArc xlink:type="arc" xlink:arcrole="http://xbrl.org/int/dim/arcrole/domain-member" xlink:from="StatementOfComprehensiveIncomeAbstract" xlink:to="ProfitLoss" xlink:title="Definition: StatementOfComprehensiveIncomeAbstract to ProfitLoss" order="15.0"/><link:loc xlink:type="locator" xlink:href="http://xbrl.ifrs.org/taxonomy/2020-03-16/full_ifrs/full_ifrs-cor_2020-03-16.xsd#ifrs-full_OtherComprehensiveIncomeBeforeTaxGainsLossesOnRemeasurementsOfDefinedBenefitPlans" xlink:label="OtherComprehensiveIncomeBeforeTaxGainsLossesOnRemeasurementsOfDefinedBenefitPlans" xlink:title="OtherComprehensiveIncomeBeforeTaxGainsLossesOnRemeasurementsOfDefinedBenefitPlans"/><link:definitionArc xlink:type="arc" xlink:arcrole="http://xbrl.org/int/dim/arcrole/domain-member" xlink:from="StatementOfComprehensiveIncomeAbstract" xlink:to="OtherComprehensiveIncomeBeforeTaxGainsLossesOnRemeasurementsOfDefinedBenefitPlans" xlink:title="Definition: StatementOfComprehensiveIncomeAbstract to OtherComprehensiveIncomeBeforeTaxGainsLossesOnRemeasurementsOfDefinedBenefitPlans" order="16.0"/><link:loc xlink:type="locator" xlink:href="http://xbrl.ifrs.org/taxonomy/2020-03-16/full_ifrs/full_ifrs-cor_2020-03-16.xsd#ifrs-full_IncomeTaxRelatingToRemeasurementsOfDefinedBenefitPlansOfOtherComprehensiveIncome" xlink:label="IncomeTaxRelatingToRemeasurementsOfDefinedBenefitPlansOfOtherComprehensiveIncome" xlink:title="IncomeTaxRelatingToRemeasurementsOfDefinedBenefitPlansOfOtherComprehensiveIncome"/><link:definitionArc xlink:type="arc" xlink:arcrole="http://xbrl.org/int/dim/arcrole/domain-member" xlink:from="StatementOfComprehensiveIncomeAbstract" xlink:to="IncomeTaxRelatingToRemeasurementsOfDefinedBenefitPlansOfOtherComprehensiveIncome" xlink:title="Definition: StatementOfComprehensiveIncomeAbstract to IncomeTaxRelatingToRemeasurementsOfDefinedBenefitPlansOfOtherComprehensiveIncome" order="17.0"/><link:loc xlink:type="locator" xlink:href="http://xbrl.ifrs.org/taxonomy/2020-03-16/full_ifrs/full_ifrs-cor_2020-03-16.xsd#ifrs-full_OtherComprehensiveIncome" xlink:label="OtherComprehensiveIncome" xlink:title="OtherComprehensiveIncome"/><link:definitionArc xlink:type="arc" xlink:arcrole="http://xbrl.org/int/dim/arcrole/domain-member" xlink:from="StatementOfComprehensiveIncomeAbstract" xlink:to="OtherComprehensiveIncome" xlink:title="Definition: StatementOfComprehensiveIncomeAbstract to OtherComprehensiveIncome" order="18.0"/><link:loc xlink:type="locator" xlink:href="http://xbrl.ifrs.org/taxonomy/2020-03-16/full_ifrs/full_ifrs-cor_2020-03-16.xsd#ifrs-full_ComprehensiveIncome" xlink:label="ComprehensiveIncome" xlink:title="ComprehensiveIncome"/><link:definitionArc xlink:type="arc" xlink:arcrole="http://xbrl.org/int/dim/arcrole/domain-member" xlink:from="StatementOfComprehensiveIncomeAbstract" xlink:to="ComprehensiveIncome" xlink:title="Definition: StatementOfComprehensiveIncomeAbstract to ComprehensiveIncome" order="19.0"/><link:loc xlink:type="locator" xlink:href="http://xbrl.ifrs.org/taxonomy/2020-03-16/full_ifrs/full_ifrs-cor_2020-03-16.xsd#ifrs-full_ProfitLossAttributableToOwnersOfParent" xlink:label="ProfitLossAttributableToOwnersOfParent" xlink:title="ProfitLossAttributableToOwnersOfParent"/><link:definitionArc xlink:type="arc" xlink:arcrole="http://xbrl.org/int/dim/arcrole/domain-member" xlink:from="StatementOfComprehensiveIncomeAbstract" xlink:to="ProfitLossAttributableToOwnersOfParent" xlink:title="Definition: StatementOfComprehensiveIncomeAbstract to ProfitLossAttributableToOwnersOfParent" order="20.0"/><link:loc xlink:type="locator" xlink:href="http://xbrl.ifrs.org/taxonomy/2020-03-16/full_ifrs/full_ifrs-cor_2020-03-16.xsd#ifrs-full_ProfitLossAttributableToNoncontrollingInterests" xlink:label="ProfitLossAttributableToNoncontrollingInterests" xlink:title="ProfitLossAttributableToNoncontrollingInterests"/><link:definitionArc xlink:type="arc" xlink:arcrole="http://xbrl.org/int/dim/arcrole/domain-member" xlink:from="StatementOfComprehensiveIncomeAbstract" xlink:to="ProfitLossAttributableToNoncontrollingInterests" xlink:title="Definition: StatementOfComprehensiveIncomeAbstract to ProfitLossAttributableToNoncontrollingInterests" order="21.0"/><link:loc xlink:type="locator" xlink:href="http://xbrl.ifrs.org/taxonomy/2020-03-16/full_ifrs/full_ifrs-cor_2020-03-16.xsd#ifrs-full_ComprehensiveIncomeAttributableToOwnersOfParent" xlink:label="ComprehensiveIncomeAttributableToOwnersOfParent" xlink:title="ComprehensiveIncomeAttributableToOwnersOfParent"/><link:definitionArc xlink:type="arc" xlink:arcrole="http://xbrl.org/int/dim/arcrole/domain-member" xlink:from="StatementOfComprehensiveIncomeAbstract" xlink:to="ComprehensiveIncomeAttributableToOwnersOfParent" xlink:title="Definition: StatementOfComprehensiveIncomeAbstract to ComprehensiveIncomeAttributableToOwnersOfParent" order="22.0"/><link:loc xlink:type="locator" xlink:href="http://xbrl.ifrs.org/taxonomy/2020-03-16/full_ifrs/full_ifrs-cor_2020-03-16.xsd#ifrs-full_ComprehensiveIncomeAttributableToNoncontrollingInterests" xlink:label="ComprehensiveIncomeAttributableToNoncontrollingInterests" xlink:title="ComprehensiveIncomeAttributableToNoncontrollingInterests"/><link:definitionArc xlink:type="arc" xlink:arcrole="http://xbrl.org/int/dim/arcrole/domain-member" xlink:from="StatementOfComprehensiveIncomeAbstract" xlink:to="ComprehensiveIncomeAttributableToNoncontrollingInterests" xlink:title="Definition: StatementOfComprehensiveIncomeAbstract to ComprehensiveIncomeAttributableToNoncontrollingInterests" order="23.0"/><link:loc xlink:type="locator" xlink:href="http://xbrl.ifrs.org/taxonomy/2020-03-16/full_ifrs/full_ifrs-cor_2020-03-16.xsd#ifrs-full_BasicEarningsLossPerShare" xlink:label="BasicEarningsLossPerShare" xlink:title="BasicEarningsLossPerShare"/><link:definitionArc xlink:type="arc" xlink:arcrole="http://xbrl.org/int/dim/arcrole/domain-member" xlink:from="StatementOfComprehensiveIncomeAbstract" xlink:to="BasicEarningsLossPerShare" xlink:title="Definition: StatementOfComprehensiveIncomeAbstract to BasicEarningsLossPerShare" order="24.0"/><link:loc xlink:type="locator" xlink:href="21380021ZMHVZYWRTO10-2021-12-31.xsd#ΜΖΚ_ProfitLossFromOperatingActivitiesBeforeInterestTaxesDepreciationAndAmortisationExpense" xlink:label="ProfitLossFromOperatingActivitiesBeforeInterestTaxesDepreciationAndAmortisationExpense" xlink:title="ProfitLossFromOperatingActivitiesBeforeInterestTaxesDepreciationAndAmortisationExpense"/><link:definitionArc xlink:type="arc" xlink:arcrole="http://xbrl.org/int/dim/arcrole/domain-member" xlink:from="StatementOfComprehensiveIncomeAbstract" xlink:to="ProfitLossFromOperatingActivitiesBeforeInterestTaxesDepreciationAndAmortisationExpense" xlink:title="Definition: StatementOfComprehensiveIncomeAbstract to ProfitLossFromOperatingActivitiesBeforeInterestTaxesDepreciationAndAmortisationExpense" order="25.0"/></link:definitionLink><link:definitionLink xlink:type="extended" xlink:role="http://mouzakis.gr/role/ChangesinEquity"><link:loc xlink:type="locator" xlink:href="http://xbrl.ifrs.org/taxonomy/2020-03-16/full_ifrs/full_ifrs-cor_2020-03-16.xsd#ifrs-full_StatementOfChangesInEquityAbstract" xlink:label="StatementOfChangesInEquityAbstract" xlink:title="StatementOfChangesInEquityAbstract"/><link:loc xlink:type="locator" xlink:href="http://xbrl.ifrs.org/taxonomy/2020-03-16/full_ifrs/full_ifrs-cor_2020-03-16.xsd#ifrs-full_StatementOfChangesInEquityTable" xlink:label="ifrs-full_StatementOfChangesInEquityTable" xlink:title="ifrs-full_StatementOfChangesInEquityTable"/><link:definitionArc xlink:type="arc" xlink:arcrole="http://xbrl.org/int/dim/arcrole/all" xlink:from="StatementOfChangesInEquityAbstract" xlink:to="ifrs-full_StatementOfChangesInEquityTable" xbrldt:closed="true" xbrldt:contextElement="scenario" order="1.0"/><link:loc xlink:type="locator" xlink:href="http://xbrl.ifrs.org/taxonomy/2020-03-16/full_ifrs/full_ifrs-cor_2020-03-16.xsd#ifrs-full_ConsolidatedAndSeparateFinancialStatementsAxis" xlink:label="ConsolidatedAndSeparateFinancialStatementsAxis" xlink:title="ConsolidatedAndSeparateFinancialStatementsAxis"/><link:definitionArc xlink:type="arc" xlink:arcrole="http://xbrl.org/int/dim/arcrole/hypercube-dimension" xlink:from="ifrs-full_StatementOfChangesInEquityTable" xlink:to="ConsolidatedAndSeparateFinancialStatementsAxis" xlink:title="Definition: ifrs-full_StatementOfChangesInEquityTable to ConsolidatedAndSeparateFinancialStatementsAxis" order="1.0"/><link:loc xlink:type="locator" xlink:href="http://xbrl.ifrs.org/taxonomy/2020-03-16/full_ifrs/full_ifrs-cor_2020-03-16.xsd#ifrs-full_ConsolidatedMember" xlink:label="ConsolidatedMember" xlink:title="ConsolidatedMember"/><link:definitionArc xlink:type="arc" xlink:arcrole="http://xbrl.org/int/dim/arcrole/dimension-domain" xlink:from="ConsolidatedAndSeparateFinancialStatementsAxis" xlink:to="ConsolidatedMember" xlink:title="Definition: ConsolidatedAndSeparateFinancialStatementsAxis to ConsolidatedMember" order="1.0"/><link:loc xlink:type="locator" xlink:href="http://xbrl.ifrs.org/taxonomy/2020-03-16/full_ifrs/full_ifrs-cor_2020-03-16.xsd#ifrs-full_SeparateMember" xlink:label="SeparateMember" xlink:title="SeparateMember"/><link:definitionArc xlink:type="arc" xlink:arcrole="http://xbrl.org/int/dim/arcrole/dimension-domain" xlink:from="ConsolidatedAndSeparateFinancialStatementsAxis" xlink:to="SeparateMember" xlink:title="Definition: ConsolidatedAndSeparateFinancialStatementsAxis to SeparateMember" order="2.0"/><link:loc xlink:type="locator" xlink:href="http://xbrl.ifrs.org/taxonomy/2020-03-16/full_ifrs/full_ifrs-cor_2020-03-16.xsd#ifrs-full_ComponentsOfEquityAxis" xlink:label="ComponentsOfEquityAxis" xlink:title="ComponentsOfEquityAxis"/><link:definitionArc xlink:type="arc" xlink:arcrole="http://xbrl.org/int/dim/arcrole/hypercube-dimension" xlink:from="ifrs-full_StatementOfChangesInEquityTable" xlink:to="ComponentsOfEquityAxis" xlink:title="Definition: ifrs-full_StatementOfChangesInEquityTable to ComponentsOfEquityAxis" order="2.0"/><link:loc xlink:type="locator" xlink:href="http://xbrl.ifrs.org/taxonomy/2020-03-16/full_ifrs/full_ifrs-cor_2020-03-16.xsd#ifrs-full_EquityMember" xlink:label="EquityMember" xlink:title="EquityMember"/><link:definitionArc xlink:type="arc" xlink:arcrole="http://xbrl.org/int/dim/arcrole/dimension-domain" xlink:from="ComponentsOfEquityAxis" xlink:to="EquityMember" xlink:title="Definition: ComponentsOfEquityAxis to EquityMember" order="1.0"/><link:loc xlink:type="locator" xlink:href="http://xbrl.ifrs.org/taxonomy/2020-03-16/full_ifrs/full_ifrs-cor_2020-03-16.xsd#ifrs-full_EquityAttributableToOwnersOfParentMember" xlink:label="EquityAttributableToOwnersOfParentMember" xlink:title="EquityAttributableToOwnersOfParentMember"/><link:definitionArc xlink:type="arc" xlink:arcrole="http://xbrl.org/int/dim/arcrole/domain-member" xlink:from="EquityMember" xlink:to="EquityAttributableToOwnersOfParentMember" xlink:title="Definition: EquityMember to EquityAttributableToOwnersOfParentMember" order="1.0"/><link:loc xlink:type="locator" xlink:href="http://xbrl.ifrs.org/taxonomy/2020-03-16/full_ifrs/full_ifrs-cor_2020-03-16.xsd#ifrs-full_IssuedCapitalMember" xlink:label="IssuedCapitalMember" xlink:title="IssuedCapitalMember"/><link:definitionArc xlink:type="arc" xlink:arcrole="http://xbrl.org/int/dim/arcrole/domain-member" xlink:from="EquityAttributableToOwnersOfParentMember" xlink:to="IssuedCapitalMember" xlink:title="Definition: EquityAttributableToOwnersOfParentMember to IssuedCapitalMember" order="1.0"/><link:loc xlink:type="locator" xlink:href="http://xbrl.ifrs.org/taxonomy/2020-03-16/full_ifrs/full_ifrs-cor_2020-03-16.xsd#ifrs-full_RevaluationSurplusMember" xlink:label="RevaluationSurplusMember" xlink:title="RevaluationSurplusMember"/><link:definitionArc xlink:type="arc" xlink:arcrole="http://xbrl.org/int/dim/arcrole/domain-member" xlink:from="EquityAttributableToOwnersOfParentMember" xlink:to="RevaluationSurplusMember" xlink:title="Definition: EquityAttributableToOwnersOfParentMember to RevaluationSurplusMember" order="2.0"/><link:loc xlink:type="locator" xlink:href="http://xbrl.ifrs.org/taxonomy/2020-03-16/full_ifrs/full_ifrs-cor_2020-03-16.xsd#ifrs-full_MiscellaneousOtherReservesMember" xlink:label="MiscellaneousOtherReservesMember" xlink:title="MiscellaneousOtherReservesMember"/><link:definitionArc xlink:type="arc" xlink:arcrole="http://xbrl.org/int/dim/arcrole/domain-member" xlink:from="EquityAttributableToOwnersOfParentMember" xlink:to="MiscellaneousOtherReservesMember" xlink:title="Definition: EquityAttributableToOwnersOfParentMember to MiscellaneousOtherReservesMember" order="3.0"/><link:loc xlink:type="locator" xlink:href="http://xbrl.ifrs.org/taxonomy/2020-03-16/full_ifrs/full_ifrs-cor_2020-03-16.xsd#ifrs-full_RetainedEarningsMember" xlink:label="RetainedEarningsMember" xlink:title="RetainedEarningsMember"/><link:definitionArc xlink:type="arc" xlink:arcrole="http://xbrl.org/int/dim/arcrole/domain-member" xlink:from="EquityAttributableToOwnersOfParentMember" xlink:to="RetainedEarningsMember" xlink:title="Definition: EquityAttributableToOwnersOfParentMember to RetainedEarningsMember" order="4.0"/><link:loc xlink:type="locator" xlink:href="http://xbrl.ifrs.org/taxonomy/2020-03-16/full_ifrs/full_ifrs-cor_2020-03-16.xsd#ifrs-full_NoncontrollingInterestsMember" xlink:label="NoncontrollingInterestsMember" xlink:title="NoncontrollingInterestsMember"/><link:definitionArc xlink:type="arc" xlink:arcrole="http://xbrl.org/int/dim/arcrole/domain-member" xlink:from="EquityMember" xlink:to="NoncontrollingInterestsMember" xlink:title="Definition: EquityMember to NoncontrollingInterestsMember" order="2.0"/><link:loc xlink:type="locator" xlink:href="21380021ZMHVZYWRTO10-2021-12-31.xsd#ΜΖΚ_CumulativeEffectAtDateOfInitialApplicationAxis" xlink:label="CumulativeEffectAtDateOfInitialApplicationAxis" xlink:title="CumulativeEffectAtDateOfInitialApplicationAxis"/><link:definitionArc xlink:type="arc" xlink:arcrole="http://xbrl.org/int/dim/arcrole/hypercube-dimension" xlink:from="ifrs-full_StatementOfChangesInEquityTable" xlink:to="CumulativeEffectAtDateOfInitialApplicationAxis" xlink:title="Definition: ifrs-full_StatementOfChangesInEquityTable to CumulativeEffectAtDateOfInitialApplicationAxis" order="3.0"/><link:loc xlink:type="locator" xlink:href="21380021ZMHVZYWRTO10-2021-12-31.xsd#ΜΖΚ_OpeningBalanceBeforeAdjustmentCumulativeEffectAtDateOfInitialApplicationMember" xlink:label="OpeningBalanceBeforeAdjustmentCumulativeEffectAtDateOfInitialApplicationMember" xlink:title="OpeningBalanceBeforeAdjustmentCumulativeEffectAtDateOfInitialApplicationMember"/><link:definitionArc xlink:type="arc" xlink:arcrole="http://xbrl.org/int/dim/arcrole/dimension-domain" xlink:from="CumulativeEffectAtDateOfInitialApplicationAxis" xlink:to="OpeningBalanceBeforeAdjustmentCumulativeEffectAtDateOfInitialApplicationMember" xlink:title="Definition: CumulativeEffectAtDateOfInitialApplicationAxis to OpeningBalanceBeforeAdjustmentCumulativeEffectAtDateOfInitialApplicationMember" order="1.0"/><link:loc xlink:type="locator" xlink:href="21380021ZMHVZYWRTO10-2021-12-31.xsd#ΜΖΚ_OpeningBalanceAfterAdjustmentCumulativeEffectAtDateOfInitialApplicationMember" xlink:label="OpeningBalanceAfterAdjustmentCumulativeEffectAtDateOfInitialApplicationMember" xlink:title="OpeningBalanceAfterAdjustmentCumulativeEffectAtDateOfInitialApplicationMember"/><link:definitionArc xlink:type="arc" xlink:arcrole="http://xbrl.org/int/dim/arcrole/domain-member" xlink:from="OpeningBalanceBeforeAdjustmentCumulativeEffectAtDateOfInitialApplicationMember" xlink:to="OpeningBalanceAfterAdjustmentCumulativeEffectAtDateOfInitialApplicationMember" xlink:title="Definition: OpeningBalanceBeforeAdjustmentCumulativeEffectAtDateOfInitialApplicationMember to OpeningBalanceAfterAdjustmentCumulativeEffectAtDateOfInitialApplicationMember" order="1.0"/><link:loc xlink:type="locator" xlink:href="21380021ZMHVZYWRTO10-2021-12-31.xsd#ΜΖΚ_IncreaseDecreaseDueToChangesInAccountingPolicyRequiredByIfrssCumulativeEffectAtDateOfInitialApplicationMember" xlink:label="IncreaseDecreaseDueToChangesInAccountingPolicyRequiredByIfrssCumulativeEffectAtDateOfInitialApplicationMember" xlink:title="IncreaseDecreaseDueToChangesInAccountingPolicyRequiredByIfrssCumulativeEffectAtDateOfInitialApplicationMember"/><link:definitionArc xlink:type="arc" xlink:arcrole="http://xbrl.org/int/dim/arcrole/domain-member" xlink:from="OpeningBalanceBeforeAdjustmentCumulativeEffectAtDateOfInitialApplicationMember" xlink:to="IncreaseDecreaseDueToChangesInAccountingPolicyRequiredByIfrssCumulativeEffectAtDateOfInitialApplicationMember" xlink:title="Definition: OpeningBalanceBeforeAdjustmentCumulativeEffectAtDateOfInitialApplicationMember to IncreaseDecreaseDueToChangesInAccountingPolicyRequiredByIfrssCumulativeEffectAtDateOfInitialApplicationMember" order="2.0"/><link:loc xlink:type="locator" xlink:href="http://xbrl.ifrs.org/taxonomy/2020-03-16/full_ifrs/full_ifrs-cor_2020-03-16.xsd#ifrs-full_InitiallyAppliedIFRSsAxis" xlink:label="InitiallyAppliedIFRSsAxis" xlink:title="InitiallyAppliedIFRSsAxis"/><link:definitionArc xlink:type="arc" xlink:arcrole="http://xbrl.org/int/dim/arcrole/hypercube-dimension" xlink:from="ifrs-full_StatementOfChangesInEquityTable" xlink:to="InitiallyAppliedIFRSsAxis" xlink:title="Definition: ifrs-full_StatementOfChangesInEquityTable to InitiallyAppliedIFRSsAxis" order="4.0"/><link:loc xlink:type="locator" xlink:href="http://xbrl.ifrs.org/taxonomy/2020-03-16/full_ifrs/full_ifrs-cor_2020-03-16.xsd#ifrs-full_InitiallyAppliedIFRSsMember" xlink:label="InitiallyAppliedIFRSsMember" xlink:title="InitiallyAppliedIFRSsMember"/><link:definitionArc xlink:type="arc" xlink:arcrole="http://xbrl.org/int/dim/arcrole/dimension-domain" xlink:from="InitiallyAppliedIFRSsAxis" xlink:to="InitiallyAppliedIFRSsMember" xlink:title="Definition: InitiallyAppliedIFRSsAxis to InitiallyAppliedIFRSsMember" order="1.0"/><link:loc xlink:type="locator" xlink:href="21380021ZMHVZYWRTO10-2021-12-31.xsd#ΜΖΚ_Ias19Member" xlink:label="Ias19Member" xlink:title="Ias19Member"/><link:definitionArc xlink:type="arc" xlink:arcrole="http://xbrl.org/int/dim/arcrole/domain-member" xlink:from="InitiallyAppliedIFRSsMember" xlink:to="Ias19Member" xlink:title="Definition: InitiallyAppliedIFRSsMember to Ias19Member" order="1.0"/><link:loc xlink:type="locator" xlink:href="http://xbrl.ifrs.org/taxonomy/2020-03-16/full_ifrs/full_ifrs-cor_2020-03-16.xsd#ifrs-full_StatementOfChangesInEquityLineItems" xlink:label="StatementOfChangesInEquityLineItems" xlink:title="StatementOfChangesInEquityLineItems"/><link:definitionArc xlink:type="arc" xlink:arcrole="http://xbrl.org/int/dim/arcrole/domain-member" xlink:from="StatementOfChangesInEquityAbstract" xlink:to="StatementOfChangesInEquityLineItems" xlink:title="Definition: StatementOfChangesInEquityAbstract to StatementOfChangesInEquityLineItems" order="2.0"/><link:loc xlink:type="locator" xlink:href="http://xbrl.ifrs.org/taxonomy/2020-03-16/full_ifrs/full_ifrs-cor_2020-03-16.xsd#ifrs-full_Equity" xlink:label="Equity" xlink:title="Equity"/><link:definitionArc xlink:type="arc" xlink:arcrole="http://xbrl.org/int/dim/arcrole/domain-member" xlink:from="StatementOfChangesInEquityLineItems" xlink:to="Equity" xlink:title="Definition: StatementOfChangesInEquityLineItems to Equity" order="1.0"/><link:loc xlink:type="locator" xlink:href="http://xbrl.ifrs.org/taxonomy/2020-03-16/full_ifrs/full_ifrs-cor_2020-03-16.xsd#ifrs-full_OtherComprehensiveIncomeNetOfTaxGainsLossesOnRevaluation" xlink:label="OtherComprehensiveIncomeNetOfTaxGainsLossesOnRevaluation" xlink:title="OtherComprehensiveIncomeNetOfTaxGainsLossesOnRevaluation"/><link:definitionArc xlink:type="arc" xlink:arcrole="http://xbrl.org/int/dim/arcrole/domain-member" xlink:from="StatementOfChangesInEquityLineItems" xlink:to="OtherComprehensiveIncomeNetOfTaxGainsLossesOnRevaluation" xlink:title="Definition: StatementOfChangesInEquityLineItems to OtherComprehensiveIncomeNetOfTaxGainsLossesOnRevaluation" order="2.0"/><link:loc xlink:type="locator" xlink:href="http://xbrl.ifrs.org/taxonomy/2020-03-16/full_ifrs/full_ifrs-cor_2020-03-16.xsd#ifrs-full_ComprehensiveIncome" xlink:label="ComprehensiveIncome" xlink:title="ComprehensiveIncome"/><link:definitionArc xlink:type="arc" xlink:arcrole="http://xbrl.org/int/dim/arcrole/domain-member" xlink:from="StatementOfChangesInEquityLineItems" xlink:to="ComprehensiveIncome" xlink:title="Definition: StatementOfChangesInEquityLineItems to ComprehensiveIncome" order="3.0"/></link:definitionLink><link:definitionLink xlink:type="extended" xlink:role="http://mouzakis.gr/role/CashFlow"><link:loc xlink:type="locator" xlink:href="http://xbrl.ifrs.org/taxonomy/2020-03-16/full_ifrs/full_ifrs-cor_2020-03-16.xsd#ifrs-full_StatementOfCashFlowsAbstract" xlink:label="StatementOfCashFlowsAbstract" xlink:title="StatementOfCashFlowsAbstract"/><link:loc xlink:type="locator" xlink:href="21380021ZMHVZYWRTO10-2021-12-31.xsd#ΜΖΚ_CommonTable" xlink:label="CommonTable" xlink:title="CommonTable"/><link:definitionArc xlink:type="arc" xlink:arcrole="http://xbrl.org/int/dim/arcrole/all" xlink:from="StatementOfCashFlowsAbstract" xlink:to="CommonTable" xbrldt:closed="true" xbrldt:contextElement="scenario" order="1.0"/><link:loc xlink:type="locator" xlink:href="http://xbrl.ifrs.org/taxonomy/2020-03-16/full_ifrs/full_ifrs-cor_2020-03-16.xsd#ifrs-full_ConsolidatedAndSeparateFinancialStatementsAxis" xlink:label="ConsolidatedAndSeparateFinancialStatementsAxis" xlink:title="ConsolidatedAndSeparateFinancialStatementsAxis"/><link:definitionArc xlink:type="arc" xlink:arcrole="http://xbrl.org/int/dim/arcrole/hypercube-dimension" xlink:from="CommonTable" xlink:to="ConsolidatedAndSeparateFinancialStatementsAxis" xlink:title="Definition: CommonTable to ConsolidatedAndSeparateFinancialStatementsAxis" order="1.0"/><link:loc xlink:type="locator" xlink:href="http://xbrl.ifrs.org/taxonomy/2020-03-16/full_ifrs/full_ifrs-cor_2020-03-16.xsd#ifrs-full_ConsolidatedMember" xlink:label="ConsolidatedMember" xlink:title="ConsolidatedMember"/><link:definitionArc xlink:type="arc" xlink:arcrole="http://xbrl.org/int/dim/arcrole/dimension-domain" xlink:from="ConsolidatedAndSeparateFinancialStatementsAxis" xlink:to="ConsolidatedMember" xlink:title="Definition: ConsolidatedAndSeparateFinancialStatementsAxis to ConsolidatedMember" order="1.0"/><link:loc xlink:type="locator" xlink:href="http://xbrl.ifrs.org/taxonomy/2020-03-16/full_ifrs/full_ifrs-cor_2020-03-16.xsd#ifrs-full_SeparateMember" xlink:label="SeparateMember" xlink:title="SeparateMember"/><link:definitionArc xlink:type="arc" xlink:arcrole="http://xbrl.org/int/dim/arcrole/dimension-domain" xlink:from="ConsolidatedAndSeparateFinancialStatementsAxis" xlink:to="SeparateMember" xlink:title="Definition: ConsolidatedAndSeparateFinancialStatementsAxis to SeparateMember" order="2.0"/><link:loc xlink:type="locator" xlink:href="http://xbrl.ifrs.org/taxonomy/2020-03-16/full_ifrs/full_ifrs-cor_2020-03-16.xsd#ifrs-full_CashFlowsFromUsedInOperatingActivitiesAbstract" xlink:label="CashFlowsFromUsedInOperatingActivitiesAbstract" xlink:title="CashFlowsFromUsedInOperatingActivitiesAbstract"/><link:definitionArc xlink:type="arc" xlink:arcrole="http://xbrl.org/int/dim/arcrole/domain-member" xlink:from="StatementOfCashFlowsAbstract" xlink:to="CashFlowsFromUsedInOperatingActivitiesAbstract" xlink:title="Definition: StatementOfCashFlowsAbstract to CashFlowsFromUsedInOperatingActivitiesAbstract" order="2.0"/><link:loc xlink:type="locator" xlink:href="http://xbrl.ifrs.org/taxonomy/2020-03-16/full_ifrs/full_ifrs-cor_2020-03-16.xsd#ifrs-full_ProfitLossBeforeTax" xlink:label="ProfitLossBeforeTax" xlink:title="ProfitLossBeforeTax"/><link:definitionArc xlink:type="arc" xlink:arcrole="http://xbrl.org/int/dim/arcrole/domain-member" xlink:from="CashFlowsFromUsedInOperatingActivitiesAbstract" xlink:to="ProfitLossBeforeTax" xlink:title="Definition: CashFlowsFromUsedInOperatingActivitiesAbstract to ProfitLossBeforeTax" order="1.0"/><link:loc xlink:type="locator" xlink:href="http://xbrl.ifrs.org/taxonomy/2020-03-16/full_ifrs/full_ifrs-cor_2020-03-16.xsd#ifrs-full_AdjustmentsForDepreciationAndAmortisationExpense" xlink:label="AdjustmentsForDepreciationAndAmortisationExpense" xlink:title="AdjustmentsForDepreciationAndAmortisationExpense"/><link:definitionArc xlink:type="arc" xlink:arcrole="http://xbrl.org/int/dim/arcrole/domain-member" xlink:from="CashFlowsFromUsedInOperatingActivitiesAbstract" xlink:to="AdjustmentsForDepreciationAndAmortisationExpense" xlink:title="Definition: CashFlowsFromUsedInOperatingActivitiesAbstract to AdjustmentsForDepreciationAndAmortisationExpense" order="2.0"/><link:loc xlink:type="locator" xlink:href="http://xbrl.ifrs.org/taxonomy/2020-03-16/full_ifrs/full_ifrs-cor_2020-03-16.xsd#ifrs-full_AdjustmentsForGainsLossesOnFairValueAdjustmentInvestmentProperty" xlink:label="AdjustmentsForGainsLossesOnFairValueAdjustmentInvestmentProperty" xlink:title="AdjustmentsForGainsLossesOnFairValueAdjustmentInvestmentProperty"/><link:definitionArc xlink:type="arc" xlink:arcrole="http://xbrl.org/int/dim/arcrole/domain-member" xlink:from="CashFlowsFromUsedInOperatingActivitiesAbstract" xlink:to="AdjustmentsForGainsLossesOnFairValueAdjustmentInvestmentProperty" xlink:title="Definition: CashFlowsFromUsedInOperatingActivitiesAbstract to AdjustmentsForGainsLossesOnFairValueAdjustmentInvestmentProperty" order="3.0"/><link:loc xlink:type="locator" xlink:href="http://xbrl.ifrs.org/taxonomy/2020-03-16/full_ifrs/full_ifrs-cor_2020-03-16.xsd#ifrs-full_AdjustmentsForProvisions" xlink:label="AdjustmentsForProvisions" xlink:title="AdjustmentsForProvisions"/><link:definitionArc xlink:type="arc" xlink:arcrole="http://xbrl.org/int/dim/arcrole/domain-member" xlink:from="CashFlowsFromUsedInOperatingActivitiesAbstract" xlink:to="AdjustmentsForProvisions" xlink:title="Definition: CashFlowsFromUsedInOperatingActivitiesAbstract to AdjustmentsForProvisions" order="4.0"/><link:loc xlink:type="locator" xlink:href="http://xbrl.ifrs.org/taxonomy/2020-03-16/full_ifrs/full_ifrs-cor_2020-03-16.xsd#ifrs-full_AdjustmentsForUnrealisedForeignExchangeLossesGains" xlink:label="AdjustmentsForUnrealisedForeignExchangeLossesGains" xlink:title="AdjustmentsForUnrealisedForeignExchangeLossesGains"/><link:definitionArc xlink:type="arc" xlink:arcrole="http://xbrl.org/int/dim/arcrole/domain-member" xlink:from="CashFlowsFromUsedInOperatingActivitiesAbstract" xlink:to="AdjustmentsForUnrealisedForeignExchangeLossesGains" xlink:title="Definition: CashFlowsFromUsedInOperatingActivitiesAbstract to AdjustmentsForUnrealisedForeignExchangeLossesGains" order="5.0"/><link:loc xlink:type="locator" xlink:href="21380021ZMHVZYWRTO10-2021-12-31.xsd#ΜΖΚ_AdjustmentsForInvestmentIncome" xlink:label="AdjustmentsForInvestmentIncome" xlink:title="AdjustmentsForInvestmentIncome"/><link:definitionArc xlink:type="arc" xlink:arcrole="http://xbrl.org/int/dim/arcrole/domain-member" xlink:from="CashFlowsFromUsedInOperatingActivitiesAbstract" xlink:to="AdjustmentsForInvestmentIncome" xlink:title="Definition: CashFlowsFromUsedInOperatingActivitiesAbstract to AdjustmentsForInvestmentIncome" order="6.0"/><link:loc xlink:type="locator" xlink:href="http://xbrl.ifrs.org/taxonomy/2020-03-16/full_ifrs/full_ifrs-cor_2020-03-16.xsd#ifrs-full_AdjustmentsForInterestExpense" xlink:label="AdjustmentsForInterestExpense" xlink:title="AdjustmentsForInterestExpense"/><link:definitionArc xlink:type="arc" xlink:arcrole="http://xbrl.org/int/dim/arcrole/domain-member" xlink:from="CashFlowsFromUsedInOperatingActivitiesAbstract" xlink:to="AdjustmentsForInterestExpense" xlink:title="Definition: CashFlowsFromUsedInOperatingActivitiesAbstract to AdjustmentsForInterestExpense" order="7.0"/><link:loc xlink:type="locator" xlink:href="http://xbrl.ifrs.org/taxonomy/2020-03-16/full_ifrs/full_ifrs-cor_2020-03-16.xsd#ifrs-full_AdjustmentsForDecreaseIncreaseInInventories" xlink:label="AdjustmentsForDecreaseIncreaseInInventories" xlink:title="AdjustmentsForDecreaseIncreaseInInventories"/><link:definitionArc xlink:type="arc" xlink:arcrole="http://xbrl.org/int/dim/arcrole/domain-member" xlink:from="CashFlowsFromUsedInOperatingActivitiesAbstract" xlink:to="AdjustmentsForDecreaseIncreaseInInventories" xlink:title="Definition: CashFlowsFromUsedInOperatingActivitiesAbstract to AdjustmentsForDecreaseIncreaseInInventories" order="8.0"/><link:loc xlink:type="locator" xlink:href="http://xbrl.ifrs.org/taxonomy/2020-03-16/full_ifrs/full_ifrs-cor_2020-03-16.xsd#ifrs-full_AdjustmentsForDecreaseIncreaseInTradeAndOtherReceivables" xlink:label="AdjustmentsForDecreaseIncreaseInTradeAndOtherReceivables" xlink:title="AdjustmentsForDecreaseIncreaseInTradeAndOtherReceivables"/><link:definitionArc xlink:type="arc" xlink:arcrole="http://xbrl.org/int/dim/arcrole/domain-member" xlink:from="CashFlowsFromUsedInOperatingActivitiesAbstract" xlink:to="AdjustmentsForDecreaseIncreaseInTradeAndOtherReceivables" xlink:title="Definition: CashFlowsFromUsedInOperatingActivitiesAbstract to AdjustmentsForDecreaseIncreaseInTradeAndOtherReceivables" order="9.0"/><link:loc xlink:type="locator" xlink:href="http://xbrl.ifrs.org/taxonomy/2020-03-16/full_ifrs/full_ifrs-cor_2020-03-16.xsd#ifrs-full_AdjustmentsForIncreaseDecreaseInTradeAndOtherPayables" xlink:label="AdjustmentsForIncreaseDecreaseInTradeAndOtherPayables" xlink:title="AdjustmentsForIncreaseDecreaseInTradeAndOtherPayables"/><link:definitionArc xlink:type="arc" xlink:arcrole="http://xbrl.org/int/dim/arcrole/domain-member" xlink:from="CashFlowsFromUsedInOperatingActivitiesAbstract" xlink:to="AdjustmentsForIncreaseDecreaseInTradeAndOtherPayables" xlink:title="Definition: CashFlowsFromUsedInOperatingActivitiesAbstract to AdjustmentsForIncreaseDecreaseInTradeAndOtherPayables" order="10.0"/><link:loc xlink:type="locator" xlink:href="http://xbrl.ifrs.org/taxonomy/2020-03-16/full_ifrs/full_ifrs-cor_2020-03-16.xsd#ifrs-full_InterestPaidClassifiedAsOperatingActivities" xlink:label="InterestPaidClassifiedAsOperatingActivities" xlink:title="InterestPaidClassifiedAsOperatingActivities"/><link:definitionArc xlink:type="arc" xlink:arcrole="http://xbrl.org/int/dim/arcrole/domain-member" xlink:from="CashFlowsFromUsedInOperatingActivitiesAbstract" xlink:to="InterestPaidClassifiedAsOperatingActivities" xlink:title="Definition: CashFlowsFromUsedInOperatingActivitiesAbstract to InterestPaidClassifiedAsOperatingActivities" order="11.0"/><link:loc xlink:type="locator" xlink:href="http://xbrl.ifrs.org/taxonomy/2020-03-16/full_ifrs/full_ifrs-cor_2020-03-16.xsd#ifrs-full_IncomeTaxesPaidClassifiedAsOperatingActivities" xlink:label="IncomeTaxesPaidClassifiedAsOperatingActivities" xlink:title="IncomeTaxesPaidClassifiedAsOperatingActivities"/><link:definitionArc xlink:type="arc" xlink:arcrole="http://xbrl.org/int/dim/arcrole/domain-member" xlink:from="CashFlowsFromUsedInOperatingActivitiesAbstract" xlink:to="IncomeTaxesPaidClassifiedAsOperatingActivities" xlink:title="Definition: CashFlowsFromUsedInOperatingActivitiesAbstract to IncomeTaxesPaidClassifiedAsOperatingActivities" order="12.0"/><link:loc xlink:type="locator" xlink:href="http://xbrl.ifrs.org/taxonomy/2020-03-16/full_ifrs/full_ifrs-cor_2020-03-16.xsd#ifrs-full_CashFlowsFromUsedInOperatingActivities" xlink:label="CashFlowsFromUsedInOperatingActivities" xlink:title="CashFlowsFromUsedInOperatingActivities"/><link:definitionArc xlink:type="arc" xlink:arcrole="http://xbrl.org/int/dim/arcrole/domain-member" xlink:from="CashFlowsFromUsedInOperatingActivitiesAbstract" xlink:to="CashFlowsFromUsedInOperatingActivities" xlink:title="Definition: CashFlowsFromUsedInOperatingActivitiesAbstract to CashFlowsFromUsedInOperatingActivities" order="13.0"/><link:loc xlink:type="locator" xlink:href="http://xbrl.ifrs.org/taxonomy/2020-03-16/full_ifrs/full_ifrs-cor_2020-03-16.xsd#ifrs-full_CashFlowsFromUsedInInvestingActivitiesAbstract" xlink:label="CashFlowsFromUsedInInvestingActivitiesAbstract" xlink:title="CashFlowsFromUsedInInvestingActivitiesAbstract"/><link:definitionArc xlink:type="arc" xlink:arcrole="http://xbrl.org/int/dim/arcrole/domain-member" xlink:from="StatementOfCashFlowsAbstract" xlink:to="CashFlowsFromUsedInInvestingActivitiesAbstract" xlink:title="Definition: StatementOfCashFlowsAbstract to CashFlowsFromUsedInInvestingActivitiesAbstract" order="3.0"/><link:loc xlink:type="locator" xlink:href="21380021ZMHVZYWRTO10-2021-12-31.xsd#ΜΖΚ_PurchaseOfPropertyPlantAndEquipmentAndPurchaseOfIntangibleAssetsClassifiedAsInvestingActivities" xlink:label="PurchaseOfPropertyPlantAndEquipmentAndPurchaseOfIntangibleAssetsClassifiedAsInvestingActivities" xlink:title="PurchaseOfPropertyPlantAndEquipmentAndPurchaseOfIntangibleAssetsClassifiedAsInvestingActivities"/><link:definitionArc xlink:type="arc" xlink:arcrole="http://xbrl.org/int/dim/arcrole/domain-member" xlink:from="CashFlowsFromUsedInInvestingActivitiesAbstract" xlink:to="PurchaseOfPropertyPlantAndEquipmentAndPurchaseOfIntangibleAssetsClassifiedAsInvestingActivities" xlink:title="Definition: CashFlowsFromUsedInInvestingActivitiesAbstract to PurchaseOfPropertyPlantAndEquipmentAndPurchaseOfIntangibleAssetsClassifiedAsInvestingActivities" order="1.0"/><link:loc xlink:type="locator" xlink:href="21380021ZMHVZYWRTO10-2021-12-31.xsd#ΜΖΚ_ProceedsFromSalesOfPropertyPlantAndEquipmentAndProceedsFromSalesOfIntangibleAssetsClassifiedAsInvestingActivities" xlink:label="ProceedsFromSalesOfPropertyPlantAndEquipmentAndProceedsFromSalesOfIntangibleAssetsClassifiedAsInvestingActivities" xlink:title="ProceedsFromSalesOfPropertyPlantAndEquipmentAndProceedsFromSalesOfIntangibleAssetsClassifiedAsInvestingActivities"/><link:definitionArc xlink:type="arc" xlink:arcrole="http://xbrl.org/int/dim/arcrole/domain-member" xlink:from="CashFlowsFromUsedInInvestingActivitiesAbstract" xlink:to="ProceedsFromSalesOfPropertyPlantAndEquipmentAndProceedsFromSalesOfIntangibleAssetsClassifiedAsInvestingActivities" xlink:title="Definition: CashFlowsFromUsedInInvestingActivitiesAbstract to ProceedsFromSalesOfPropertyPlantAndEquipmentAndProceedsFromSalesOfIntangibleAssetsClassifiedAsInvestingActivities" order="2.0"/><link:loc xlink:type="locator" xlink:href="http://xbrl.ifrs.org/taxonomy/2020-03-16/full_ifrs/full_ifrs-cor_2020-03-16.xsd#ifrs-full_InterestReceivedClassifiedAsInvestingActivities" xlink:label="InterestReceivedClassifiedAsInvestingActivities" xlink:title="InterestReceivedClassifiedAsInvestingActivities"/><link:definitionArc xlink:type="arc" xlink:arcrole="http://xbrl.org/int/dim/arcrole/domain-member" xlink:from="CashFlowsFromUsedInInvestingActivitiesAbstract" xlink:to="InterestReceivedClassifiedAsInvestingActivities" xlink:title="Definition: CashFlowsFromUsedInInvestingActivitiesAbstract to InterestReceivedClassifiedAsInvestingActivities" order="3.0"/><link:loc xlink:type="locator" xlink:href="http://xbrl.ifrs.org/taxonomy/2020-03-16/full_ifrs/full_ifrs-cor_2020-03-16.xsd#ifrs-full_CashFlowsFromUsedInInvestingActivities" xlink:label="CashFlowsFromUsedInInvestingActivities" xlink:title="CashFlowsFromUsedInInvestingActivities"/><link:definitionArc xlink:type="arc" xlink:arcrole="http://xbrl.org/int/dim/arcrole/domain-member" xlink:from="CashFlowsFromUsedInInvestingActivitiesAbstract" xlink:to="CashFlowsFromUsedInInvestingActivities" xlink:title="Definition: CashFlowsFromUsedInInvestingActivitiesAbstract to CashFlowsFromUsedInInvestingActivities" order="4.0"/><link:loc xlink:type="locator" xlink:href="http://xbrl.ifrs.org/taxonomy/2020-03-16/full_ifrs/full_ifrs-cor_2020-03-16.xsd#ifrs-full_CashFlowsFromUsedInFinancingActivitiesAbstract" xlink:label="CashFlowsFromUsedInFinancingActivitiesAbstract" xlink:title="CashFlowsFromUsedInFinancingActivitiesAbstract"/><link:definitionArc xlink:type="arc" xlink:arcrole="http://xbrl.org/int/dim/arcrole/domain-member" xlink:from="StatementOfCashFlowsAbstract" xlink:to="CashFlowsFromUsedInFinancingActivitiesAbstract" xlink:title="Definition: StatementOfCashFlowsAbstract to CashFlowsFromUsedInFinancingActivitiesAbstract" order="4.0"/><link:loc xlink:type="locator" xlink:href="21380021ZMHVZYWRTO10-2021-12-31.xsd#ΜΖΚ_ProceedsFromBorrowingsAndRepaymentsOfBorrowingsClassifiedAsFinancingActivities" xlink:label="ProceedsFromBorrowingsAndRepaymentsOfBorrowingsClassifiedAsFinancingActivities" xlink:title="ProceedsFromBorrowingsAndRepaymentsOfBorrowingsClassifiedAsFinancingActivities"/><link:definitionArc xlink:type="arc" xlink:arcrole="http://xbrl.org/int/dim/arcrole/domain-member" xlink:from="CashFlowsFromUsedInFinancingActivitiesAbstract" xlink:to="ProceedsFromBorrowingsAndRepaymentsOfBorrowingsClassifiedAsFinancingActivities" xlink:title="Definition: CashFlowsFromUsedInFinancingActivitiesAbstract to ProceedsFromBorrowingsAndRepaymentsOfBorrowingsClassifiedAsFinancingActivities" order="1.0"/><link:loc xlink:type="locator" xlink:href="http://xbrl.ifrs.org/taxonomy/2020-03-16/full_ifrs/full_ifrs-cor_2020-03-16.xsd#ifrs-full_CashFlowsFromUsedInFinancingActivities" xlink:label="CashFlowsFromUsedInFinancingActivities" xlink:title="CashFlowsFromUsedInFinancingActivities"/><link:definitionArc xlink:type="arc" xlink:arcrole="http://xbrl.org/int/dim/arcrole/domain-member" xlink:from="CashFlowsFromUsedInFinancingActivitiesAbstract" xlink:to="CashFlowsFromUsedInFinancingActivities" xlink:title="Definition: CashFlowsFromUsedInFinancingActivitiesAbstract to CashFlowsFromUsedInFinancingActivities" order="2.0"/><link:loc xlink:type="locator" xlink:href="http://xbrl.ifrs.org/taxonomy/2020-03-16/full_ifrs/full_ifrs-cor_2020-03-16.xsd#ifrs-full_IncreaseDecreaseInCashAndCashEquivalents" xlink:label="IncreaseDecreaseInCashAndCashEquivalents" xlink:title="IncreaseDecreaseInCashAndCashEquivalents"/><link:definitionArc xlink:type="arc" xlink:arcrole="http://xbrl.org/int/dim/arcrole/domain-member" xlink:from="StatementOfCashFlowsAbstract" xlink:to="IncreaseDecreaseInCashAndCashEquivalents" xlink:title="Definition: StatementOfCashFlowsAbstract to IncreaseDecreaseInCashAndCashEquivalents" order="5.0"/><link:loc xlink:type="locator" xlink:href="http://xbrl.ifrs.org/taxonomy/2020-03-16/full_ifrs/full_ifrs-cor_2020-03-16.xsd#ifrs-full_CashAndCashEquivalents" xlink:label="CashAndCashEquivalents" xlink:title="CashAndCashEquivalents"/><link:definitionArc xlink:type="arc" xlink:arcrole="http://xbrl.org/int/dim/arcrole/domain-member" xlink:from="StatementOfCashFlowsAbstract" xlink:to="CashAndCashEquivalents" xlink:title="Definition: StatementOfCashFlowsAbstract to CashAndCashEquivalents" order="6.0"/></link:definitionLink><link:definitionLink xlink:type="extended" xlink:role="http://www.esma.europa.eu/xbrl/role/cor/esef_role-999999"><link:loc xlink:type="locator" xlink:href="http://www.esma.europa.eu/taxonomy/2020-03-16/esef_cor.xsd#esef_cor_LineItemsNotDimensionallyQualifiedPlaceholder" xlink:label="LineItemsNotDimensionallyQualifiedPlaceholder" xlink:title="LineItemsNotDimensionallyQualifiedPlaceholder"/><link:loc xlink:type="locator" xlink:href="http://xbrl.ifrs.org/taxonomy/2020-03-16/full_ifrs/full_ifrs-cor_2020-03-16.xsd#ifrs-full_NameOfUltimateParentOfGroup" xlink:label="NameOfUltimateParentOfGroup" xlink:title="NameOfUltimateParentOfGroup"/><link:definitionArc xlink:type="arc" xlink:arcrole="http://xbrl.org/int/dim/arcrole/domain-member" xlink:from="LineItemsNotDimensionallyQualifiedPlaceholder" xlink:to="NameOfUltimateParentOfGroup" xlink:title="Definition: LineItemsNotDimensionallyQualifiedPlaceholder to NameOfUltimateParentOfGroup" order="1.0"/><link:loc xlink:type="locator" xlink:href="http://xbrl.ifrs.org/taxonomy/2020-03-16/full_ifrs/full_ifrs-cor_2020-03-16.xsd#ifrs-full_NameOfReportingEntityOrOtherMeansOfIdentification" xlink:label="NameOfReportingEntityOrOtherMeansOfIdentification" xlink:title="NameOfReportingEntityOrOtherMeansOfIdentification"/><link:definitionArc xlink:type="arc" xlink:arcrole="http://xbrl.org/int/dim/arcrole/domain-member" xlink:from="LineItemsNotDimensionallyQualifiedPlaceholder" xlink:to="NameOfReportingEntityOrOtherMeansOfIdentification" xlink:title="Definition: LineItemsNotDimensionallyQualifiedPlaceholder to NameOfReportingEntityOrOtherMeansOfIdentification" order="2.0"/><link:loc xlink:type="locator" xlink:href="http://xbrl.ifrs.org/taxonomy/2020-03-16/full_ifrs/full_ifrs-cor_2020-03-16.xsd#ifrs-full_NameOfParentEntity" xlink:label="NameOfParentEntity" xlink:title="NameOfParentEntity"/><link:definitionArc xlink:type="arc" xlink:arcrole="http://xbrl.org/int/dim/arcrole/domain-member" xlink:from="LineItemsNotDimensionallyQualifiedPlaceholder" xlink:to="NameOfParentEntity" xlink:title="Definition: LineItemsNotDimensionallyQualifiedPlaceholder to NameOfParentEntity" order="3.0"/><link:loc xlink:type="locator" xlink:href="http://xbrl.ifrs.org/taxonomy/2020-03-16/full_ifrs/full_ifrs-cor_2020-03-16.xsd#ifrs-full_LegalFormOfEntity" xlink:label="LegalFormOfEntity" xlink:title="LegalFormOfEntity"/><link:definitionArc xlink:type="arc" xlink:arcrole="http://xbrl.org/int/dim/arcrole/domain-member" xlink:from="LineItemsNotDimensionallyQualifiedPlaceholder" xlink:to="LegalFormOfEntity" xlink:title="Definition: LineItemsNotDimensionallyQualifiedPlaceholder to LegalFormOfEntity" order="4.0"/><link:loc xlink:type="locator" xlink:href="http://xbrl.ifrs.org/taxonomy/2020-03-16/full_ifrs/full_ifrs-cor_2020-03-16.xsd#ifrs-full_DescriptionOfNatureOfEntitysOperationsAndPrincipalActivities" xlink:label="DescriptionOfNatureOfEntitysOperationsAndPrincipalActivities" xlink:title="DescriptionOfNatureOfEntitysOperationsAndPrincipalActivities"/><link:definitionArc xlink:type="arc" xlink:arcrole="http://xbrl.org/int/dim/arcrole/domain-member" xlink:from="LineItemsNotDimensionallyQualifiedPlaceholder" xlink:to="DescriptionOfNatureOfEntitysOperationsAndPrincipalActivities" xlink:title="Definition: LineItemsNotDimensionallyQualifiedPlaceholder to DescriptionOfNatureOfEntitysOperationsAndPrincipalActivities" order="5.0"/><link:loc xlink:type="locator" xlink:href="http://xbrl.ifrs.org/taxonomy/2020-03-16/full_ifrs/full_ifrs-cor_2020-03-16.xsd#ifrs-full_CountryOfIncorporation" xlink:label="CountryOfIncorporation" xlink:title="CountryOfIncorporation"/><link:definitionArc xlink:type="arc" xlink:arcrole="http://xbrl.org/int/dim/arcrole/domain-member" xlink:from="LineItemsNotDimensionallyQualifiedPlaceholder" xlink:to="CountryOfIncorporation" xlink:title="Definition: LineItemsNotDimensionallyQualifiedPlaceholder to CountryOfIncorporation" order="6.0"/><link:loc xlink:type="locator" xlink:href="http://xbrl.ifrs.org/taxonomy/2020-03-16/full_ifrs/full_ifrs-cor_2020-03-16.xsd#ifrs-full_DomicileOfEntity" xlink:label="DomicileOfEntity" xlink:title="DomicileOfEntity"/><link:definitionArc xlink:type="arc" xlink:arcrole="http://xbrl.org/int/dim/arcrole/domain-member" xlink:from="LineItemsNotDimensionallyQualifiedPlaceholder" xlink:to="DomicileOfEntity" xlink:title="Definition: LineItemsNotDimensionallyQualifiedPlaceholder to DomicileOfEntity" order="7.0"/><link:loc xlink:type="locator" xlink:href="http://xbrl.ifrs.org/taxonomy/2020-03-16/full_ifrs/full_ifrs-cor_2020-03-16.xsd#ifrs-full_AddressOfRegisteredOfficeOfEntity" xlink:label="AddressOfRegisteredOfficeOfEntity" xlink:title="AddressOfRegisteredOfficeOfEntity"/><link:definitionArc xlink:type="arc" xlink:arcrole="http://xbrl.org/int/dim/arcrole/domain-member" xlink:from="LineItemsNotDimensionallyQualifiedPlaceholder" xlink:to="AddressOfRegisteredOfficeOfEntity" xlink:title="Definition: LineItemsNotDimensionallyQualifiedPlaceholder to AddressOfRegisteredOfficeOfEntity" order="8.0"/><link:loc xlink:type="locator" xlink:href="http://xbrl.ifrs.org/taxonomy/2020-03-16/full_ifrs/full_ifrs-cor_2020-03-16.xsd#ifrs-full_PrincipalPlaceOfBusiness" xlink:label="PrincipalPlaceOfBusiness" xlink:title="PrincipalPlaceOfBusiness"/><link:definitionArc xlink:type="arc" xlink:arcrole="http://xbrl.org/int/dim/arcrole/domain-member" xlink:from="LineItemsNotDimensionallyQualifiedPlaceholder" xlink:to="PrincipalPlaceOfBusiness" xlink:title="Definition: LineItemsNotDimensionallyQualifiedPlaceholder to PrincipalPlaceOfBusiness" order="9.0"/></link:definitionLink><link:definitionLink xlink:type="extended" xlink:role="http://mouzakis.gr/role/Anchoring"><link:loc xlink:type="locator" xlink:href="http://xbrl.ifrs.org/taxonomy/2020-03-16/full_ifrs/full_ifrs-cor_2020-03-16.xsd#ifrs-full_OtherReserves" xlink:label="OtherReserves" xlink:title="OtherReserves"/><link:loc xlink:type="locator" xlink:href="21380021ZMHVZYWRTO10-2021-12-31.xsd#ΜΖΚ_MiscellaneousOtherReserves" xlink:label="MiscellaneousOtherReserves" xlink:title="MiscellaneousOtherReserves"/><link:definitionArc xlink:type="arc" xlink:arcrole="http://www.esma.europa.eu/xbrl/esef/arcrole/wider-narrower" xlink:from="OtherReserves" xlink:to="MiscellaneousOtherReserves" xlink:title="Definition: OtherReserves to MiscellaneousOtherReserves" order="1.0"/><link:loc xlink:type="locator" xlink:href="http://xbrl.ifrs.org/taxonomy/2020-03-16/full_ifrs/full_ifrs-cor_2020-03-16.xsd#ifrs-full_OperatingExpense" xlink:label="OperatingExpense" xlink:title="OperatingExpense"/><link:loc xlink:type="locator" xlink:href="21380021ZMHVZYWRTO10-2021-12-31.xsd#ΜΖΚ_SellingExpenseAndDistributionCosts" xlink:label="SellingExpenseAndDistributionCosts" xlink:title="SellingExpenseAndDistributionCosts"/><link:definitionArc xlink:type="arc" xlink:arcrole="http://www.esma.europa.eu/xbrl/esef/arcrole/wider-narrower" xlink:from="OperatingExpense" xlink:to="SellingExpenseAndDistributionCosts" xlink:title="Definition: OperatingExpense to SellingExpenseAndDistributionCosts" order="1.0"/><link:loc xlink:type="locator" xlink:href="http://xbrl.ifrs.org/taxonomy/2020-03-16/full_ifrs/full_ifrs-cor_2020-03-16.xsd#ifrs-full_SellingExpense" xlink:label="SellingExpense" xlink:title="SellingExpense"/><link:definitionArc xlink:type="arc" xlink:arcrole="http://www.esma.europa.eu/xbrl/esef/arcrole/wider-narrower" xlink:from="SellingExpenseAndDistributionCosts" xlink:to="SellingExpense" xlink:title="Definition: SellingExpenseAndDistributionCosts to SellingExpense" order="1.0"/><link:loc xlink:type="locator" xlink:href="http://xbrl.ifrs.org/taxonomy/2020-03-16/full_ifrs/full_ifrs-cor_2020-03-16.xsd#ifrs-full_DistributionCosts" xlink:label="DistributionCosts" xlink:title="DistributionCosts"/><link:definitionArc xlink:type="arc" xlink:arcrole="http://www.esma.europa.eu/xbrl/esef/arcrole/wider-narrower" xlink:from="SellingExpenseAndDistributionCosts" xlink:to="DistributionCosts" xlink:title="Definition: SellingExpenseAndDistributionCosts to DistributionCosts" order="2.0"/><link:loc xlink:type="locator" xlink:href="http://xbrl.ifrs.org/taxonomy/2020-03-16/full_ifrs/full_ifrs-cor_2020-03-16.xsd#ifrs-full_ProfitLossFromOperatingActivities" xlink:label="ProfitLossFromOperatingActivities" xlink:title="ProfitLossFromOperatingActivities"/><link:loc xlink:type="locator" xlink:href="21380021ZMHVZYWRTO10-2021-12-31.xsd#ΜΖΚ_ProfitLossFromOperatingActivitiesBeforeInterestTaxesDepreciationAndAmortisationExpense" xlink:label="ProfitLossFromOperatingActivitiesBeforeInterestTaxesDepreciationAndAmortisationExpense" xlink:title="ProfitLossFromOperatingActivitiesBeforeInterestTaxesDepreciationAndAmortisationExpense"/><link:definitionArc xlink:type="arc" xlink:arcrole="http://www.esma.europa.eu/xbrl/esef/arcrole/wider-narrower" xlink:from="ProfitLossFromOperatingActivities" xlink:to="ProfitLossFromOperatingActivitiesBeforeInterestTaxesDepreciationAndAmortisationExpense" xlink:title="Definition: ProfitLossFromOperatingActivities to ProfitLossFromOperatingActivitiesBeforeInterestTaxesDepreciationAndAmortisationExpense" order="1.0"/><link:loc xlink:type="locator" xlink:href="http://xbrl.ifrs.org/taxonomy/2020-03-16/full_ifrs/full_ifrs-cor_2020-03-16.xsd#ifrs-full_AdjustmentsForReconcileProfitLoss" xlink:label="AdjustmentsForReconcileProfitLoss" xlink:title="AdjustmentsForReconcileProfitLoss"/><link:loc xlink:type="locator" xlink:href="21380021ZMHVZYWRTO10-2021-12-31.xsd#ΜΖΚ_AdjustmentsForInvestmentIncome" xlink:label="AdjustmentsForInvestmentIncome" xlink:title="AdjustmentsForInvestmentIncome"/><link:definitionArc xlink:type="arc" xlink:arcrole="http://www.esma.europa.eu/xbrl/esef/arcrole/wider-narrower" xlink:from="AdjustmentsForReconcileProfitLoss" xlink:to="AdjustmentsForInvestmentIncome" xlink:title="Definition: AdjustmentsForReconcileProfitLoss to AdjustmentsForInvestmentIncome" order="1.0"/><link:loc xlink:type="locator" xlink:href="http://xbrl.ifrs.org/taxonomy/2020-03-16/full_ifrs/full_ifrs-cor_2020-03-16.xsd#ifrs-full_CashFlowsFromUsedInInvestingActivities" xlink:label="CashFlowsFromUsedInInvestingActivities" xlink:title="CashFlowsFromUsedInInvestingActivities"/><link:loc xlink:type="locator" xlink:href="21380021ZMHVZYWRTO10-2021-12-31.xsd#ΜΖΚ_PurchaseOfPropertyPlantAndEquipmentAndPurchaseOfIntangibleAssetsClassifiedAsInvestingActivities" xlink:label="PurchaseOfPropertyPlantAndEquipmentAndPurchaseOfIntangibleAssetsClassifiedAsInvestingActivities" xlink:title="PurchaseOfPropertyPlantAndEquipmentAndPurchaseOfIntangibleAssetsClassifiedAsInvestingActivities"/><link:definitionArc xlink:type="arc" xlink:arcrole="http://www.esma.europa.eu/xbrl/esef/arcrole/wider-narrower" xlink:from="CashFlowsFromUsedInInvestingActivities" xlink:to="PurchaseOfPropertyPlantAndEquipmentAndPurchaseOfIntangibleAssetsClassifiedAsInvestingActivities" xlink:title="Definition: CashFlowsFromUsedInInvestingActivities to PurchaseOfPropertyPlantAndEquipmentAndPurchaseOfIntangibleAssetsClassifiedAsInvestingActivities" order="1.0"/><link:loc xlink:type="locator" xlink:href="http://xbrl.ifrs.org/taxonomy/2020-03-16/full_ifrs/full_ifrs-cor_2020-03-16.xsd#ifrs-full_PurchaseOfPropertyPlantAndEquipmentClassifiedAsInvestingActivities" xlink:label="PurchaseOfPropertyPlantAndEquipmentClassifiedAsInvestingActivities" xlink:title="PurchaseOfPropertyPlantAndEquipmentClassifiedAsInvestingActivities"/><link:definitionArc xlink:type="arc" xlink:arcrole="http://www.esma.europa.eu/xbrl/esef/arcrole/wider-narrower" xlink:from="PurchaseOfPropertyPlantAndEquipmentAndPurchaseOfIntangibleAssetsClassifiedAsInvestingActivities" xlink:to="PurchaseOfPropertyPlantAndEquipmentClassifiedAsInvestingActivities" xlink:title="Definition: PurchaseOfPropertyPlantAndEquipmentAndPurchaseOfIntangibleAssetsClassifiedAsInvestingActivities to PurchaseOfPropertyPlantAndEquipmentClassifiedAsInvestingActivities" order="1.0"/><link:loc xlink:type="locator" xlink:href="http://xbrl.ifrs.org/taxonomy/2020-03-16/full_ifrs/full_ifrs-cor_2020-03-16.xsd#ifrs-full_PurchaseOfIntangibleAssetsClassifiedAsInvestingActivities" xlink:label="PurchaseOfIntangibleAssetsClassifiedAsInvestingActivities" xlink:title="PurchaseOfIntangibleAssetsClassifiedAsInvestingActivities"/><link:definitionArc xlink:type="arc" xlink:arcrole="http://www.esma.europa.eu/xbrl/esef/arcrole/wider-narrower" xlink:from="PurchaseOfPropertyPlantAndEquipmentAndPurchaseOfIntangibleAssetsClassifiedAsInvestingActivities" xlink:to="PurchaseOfIntangibleAssetsClassifiedAsInvestingActivities" xlink:title="Definition: PurchaseOfPropertyPlantAndEquipmentAndPurchaseOfIntangibleAssetsClassifiedAsInvestingActivities to PurchaseOfIntangibleAssetsClassifiedAsInvestingActivities" order="2.0"/><link:loc xlink:type="locator" xlink:href="21380021ZMHVZYWRTO10-2021-12-31.xsd#ΜΖΚ_ProceedsFromSalesOfPropertyPlantAndEquipmentAndProceedsFromSalesOfIntangibleAssetsClassifiedAsInvestingActivities" xlink:label="ProceedsFromSalesOfPropertyPlantAndEquipmentAndProceedsFromSalesOfIntangibleAssetsClassifiedAsInvestingActivities" xlink:title="ProceedsFromSalesOfPropertyPlantAndEquipmentAndProceedsFromSalesOfIntangibleAssetsClassifiedAsInvestingActivities"/><link:definitionArc xlink:type="arc" xlink:arcrole="http://www.esma.europa.eu/xbrl/esef/arcrole/wider-narrower" xlink:from="CashFlowsFromUsedInInvestingActivities" xlink:to="ProceedsFromSalesOfPropertyPlantAndEquipmentAndProceedsFromSalesOfIntangibleAssetsClassifiedAsInvestingActivities" xlink:title="Definition: CashFlowsFromUsedInInvestingActivities to ProceedsFromSalesOfPropertyPlantAndEquipmentAndProceedsFromSalesOfIntangibleAssetsClassifiedAsInvestingActivities" order="2.0"/><link:loc xlink:type="locator" xlink:href="http://xbrl.ifrs.org/taxonomy/2020-03-16/full_ifrs/full_ifrs-cor_2020-03-16.xsd#ifrs-full_ProceedsFromSalesOfPropertyPlantAndEquipmentClassifiedAsInvestingActivities" xlink:label="ProceedsFromSalesOfPropertyPlantAndEquipmentClassifiedAsInvestingActivities" xlink:title="ProceedsFromSalesOfPropertyPlantAndEquipmentClassifiedAsInvestingActivities"/><link:definitionArc xlink:type="arc" xlink:arcrole="http://www.esma.europa.eu/xbrl/esef/arcrole/wider-narrower" xlink:from="ProceedsFromSalesOfPropertyPlantAndEquipmentAndProceedsFromSalesOfIntangibleAssetsClassifiedAsInvestingActivities" xlink:to="ProceedsFromSalesOfPropertyPlantAndEquipmentClassifiedAsInvestingActivities" xlink:title="Definition: ProceedsFromSalesOfPropertyPlantAndEquipmentAndProceedsFromSalesOfIntangibleAssetsClassifiedAsInvestingActivities to ProceedsFromSalesOfPropertyPlantAndEquipmentClassifiedAsInvestingActivities" order="1.0"/><link:loc xlink:type="locator" xlink:href="http://xbrl.ifrs.org/taxonomy/2020-03-16/full_ifrs/full_ifrs-cor_2020-03-16.xsd#ifrs-full_ProceedsFromSalesOfIntangibleAssetsClassifiedAsInvestingActivities" xlink:label="ProceedsFromSalesOfIntangibleAssetsClassifiedAsInvestingActivities" xlink:title="ProceedsFromSalesOfIntangibleAssetsClassifiedAsInvestingActivities"/><link:definitionArc xlink:type="arc" xlink:arcrole="http://www.esma.europa.eu/xbrl/esef/arcrole/wider-narrower" xlink:from="ProceedsFromSalesOfPropertyPlantAndEquipmentAndProceedsFromSalesOfIntangibleAssetsClassifiedAsInvestingActivities" xlink:to="ProceedsFromSalesOfIntangibleAssetsClassifiedAsInvestingActivities" xlink:title="Definition: ProceedsFromSalesOfPropertyPlantAndEquipmentAndProceedsFromSalesOfIntangibleAssetsClassifiedAsInvestingActivities to ProceedsFromSalesOfIntangibleAssetsClassifiedAsInvestingActivities" order="2.0"/><link:loc xlink:type="locator" xlink:href="http://xbrl.ifrs.org/taxonomy/2020-03-16/full_ifrs/full_ifrs-cor_2020-03-16.xsd#ifrs-full_CashFlowsFromUsedInFinancingActivities" xlink:label="CashFlowsFromUsedInFinancingActivities" xlink:title="CashFlowsFromUsedInFinancingActivities"/><link:loc xlink:type="locator" xlink:href="21380021ZMHVZYWRTO10-2021-12-31.xsd#ΜΖΚ_ProceedsFromBorrowingsAndRepaymentsOfBorrowingsClassifiedAsFinancingActivities" xlink:label="ProceedsFromBorrowingsAndRepaymentsOfBorrowingsClassifiedAsFinancingActivities" xlink:title="ProceedsFromBorrowingsAndRepaymentsOfBorrowingsClassifiedAsFinancingActivities"/><link:definitionArc xlink:type="arc" xlink:arcrole="http://www.esma.europa.eu/xbrl/esef/arcrole/wider-narrower" xlink:from="CashFlowsFromUsedInFinancingActivities" xlink:to="ProceedsFromBorrowingsAndRepaymentsOfBorrowingsClassifiedAsFinancingActivities" xlink:title="Definition: CashFlowsFromUsedInFinancingActivities to ProceedsFromBorrowingsAndRepaymentsOfBorrowingsClassifiedAsFinancingActivities" order="1.0"/><link:loc xlink:type="locator" xlink:href="http://xbrl.ifrs.org/taxonomy/2020-03-16/full_ifrs/full_ifrs-cor_2020-03-16.xsd#ifrs-full_ProceedsFromBorrowingsClassifiedAsFinancingActivities" xlink:label="ProceedsFromBorrowingsClassifiedAsFinancingActivities" xlink:title="ProceedsFromBorrowingsClassifiedAsFinancingActivities"/><link:definitionArc xlink:type="arc" xlink:arcrole="http://www.esma.europa.eu/xbrl/esef/arcrole/wider-narrower" xlink:from="ProceedsFromBorrowingsAndRepaymentsOfBorrowingsClassifiedAsFinancingActivities" xlink:to="ProceedsFromBorrowingsClassifiedAsFinancingActivities" xlink:title="Definition: ProceedsFromBorrowingsAndRepaymentsOfBorrowingsClassifiedAsFinancingActivities to ProceedsFromBorrowingsClassifiedAsFinancingActivities" order="1.0"/><link:loc xlink:type="locator" xlink:href="http://xbrl.ifrs.org/taxonomy/2020-03-16/full_ifrs/full_ifrs-cor_2020-03-16.xsd#ifrs-full_RepaymentsOfBorrowingsClassifiedAsFinancingActivities" xlink:label="RepaymentsOfBorrowingsClassifiedAsFinancingActivities" xlink:title="RepaymentsOfBorrowingsClassifiedAsFinancingActivities"/><link:definitionArc xlink:type="arc" xlink:arcrole="http://www.esma.europa.eu/xbrl/esef/arcrole/wider-narrower" xlink:from="ProceedsFromBorrowingsAndRepaymentsOfBorrowingsClassifiedAsFinancingActivities" xlink:to="RepaymentsOfBorrowingsClassifiedAsFinancingActivities" xlink:title="Definition: ProceedsFromBorrowingsAndRepaymentsOfBorrowingsClassifiedAsFinancingActivities to RepaymentsOfBorrowingsClassifiedAsFinancingActivities" order="2.0"/></link:definitionLink><link:definitionLink xlink:type="extended" xlink:role="http://www.esma.europa.eu/xbrl/role/cor/ifrs-dim_role-990000"><link:loc xlink:type="locator" xlink:href="21380021ZMHVZYWRTO10-2021-12-31.xsd#ΜΖΚ_CumulativeEffectAtDateOfInitialApplicationAxis" xlink:label="CumulativeEffectAtDateOfInitialApplicationAxis" xlink:title="CumulativeEffectAtDateOfInitialApplicationAxis"/><link:loc xlink:type="locator" xlink:href="21380021ZMHVZYWRTO10-2021-12-31.xsd#ΜΖΚ_OpeningBalanceBeforeAdjustmentCumulativeEffectAtDateOfInitialApplicationMember" xlink:label="OpeningBalanceBeforeAdjustmentCumulativeEffectAtDateOfInitialApplicationMember" xlink:title="OpeningBalanceBeforeAdjustmentCumulativeEffectAtDateOfInitialApplicationMember"/><link:definitionArc xlink:type="arc" xlink:arcrole="http://xbrl.org/int/dim/arcrole/dimension-default" xlink:from="CumulativeEffectAtDateOfInitialApplicationAxis" xlink:to="OpeningBalanceBeforeAdjustmentCumulativeEffectAtDateOfInitialApplicationMember" xlink:title="Definition: CumulativeEffectAtDateOfInitialApplicationAxis to OpeningBalanceBeforeAdjustmentCumulativeEffectAtDateOfInitialApplicationMember" order="1.0"/></link:definitionLink></link:linkbase>