<?xml version="1.0" encoding ="UTF-8"?><link:linkbase xmlns:xsi="http://www.w3.org/2001/XMLSchema-instance" xsi:schemaLocation="http://www.xbrl.org/2003/linkbase http://www.xbrl.org/2003/xbrl-linkbase-2003-12-31.xsd" xmlns:link="http://www.xbrl.org/2003/linkbase" xmlns:xbrli="http://www.xbrl.org/2003/instance" xmlns:xlink="http://www.w3.org/1999/xlink" xmlns:xbrldt="http://xbrl.org/2005/xbrldt"><link:labelLink xlink:type="extended" xlink:role="http://www.xbrl.org/2003/role/link"><link:loc xlink:type="locator" xlink:href="21380021ZMHVZYWRTO10-2021-12-31.xsd#ΜΖΚ_MiscellaneousOtherReserves" xlink:label="MiscellaneousOtherReserves" xlink:title="MiscellaneousOtherReserves"/><link:label xlink:type="resource" xlink:label="label_MiscellaneousOtherReserves" xlink:role="http://www.xbrl.org/2003/role/label" xlink:title="MiscellaneousOtherReserves_Label" xml:lang="en">Miscellaneous other reserves</link:label><link:labelArc xlink:type="arc" xlink:arcrole="http://www.xbrl.org/2003/arcrole/concept-label" xlink:from="MiscellaneousOtherReserves" xlink:to="label_MiscellaneousOtherReserves" xlink:title="Label: MiscellaneousOtherReserves to label_MiscellaneousOtherReserves"/><link:loc xlink:type="locator" xlink:href="http://xbrl.ifrs.org/taxonomy/2020-03-16/full_ifrs/full_ifrs-cor_2020-03-16.xsd#ifrs-full_GrossProfit" xlink:label="GrossProfit" xlink:title="GrossProfit"/><link:label xlink:type="resource" xlink:label="label_GrossProfit" xlink:role="http://www.xbrl.org/2003/role/totalLabel" xlink:title="GrossProfit_Label" xml:lang="en">Gross profit</link:label><link:labelArc xlink:type="arc" xlink:arcrole="http://www.xbrl.org/2003/arcrole/concept-label" xlink:from="GrossProfit" xlink:to="label_GrossProfit" xlink:title="Label: GrossProfit to label_GrossProfit"/><link:loc xlink:type="locator" xlink:href="21380021ZMHVZYWRTO10-2021-12-31.xsd#ΜΖΚ_SellingExpenseAndDistributionCosts" xlink:label="SellingExpenseAndDistributionCosts" xlink:title="SellingExpenseAndDistributionCosts"/><link:label xlink:type="resource" xlink:label="label_SellingExpenseAndDistributionCosts" xlink:role="http://www.xbrl.org/2003/role/label" xlink:title="SellingExpenseAndDistributionCosts_Label" xml:lang="en">Selling expense and distribution costs</link:label><link:labelArc xlink:type="arc" xlink:arcrole="http://www.xbrl.org/2003/arcrole/concept-label" xlink:from="SellingExpenseAndDistributionCosts" xlink:to="label_SellingExpenseAndDistributionCosts" xlink:title="Label: SellingExpenseAndDistributionCosts to label_SellingExpenseAndDistributionCosts"/><link:loc xlink:type="locator" xlink:href="21380021ZMHVZYWRTO10-2021-12-31.xsd#ΜΖΚ_ProfitLossFromOperatingActivitiesBeforeInterestTaxesDepreciationAndAmortisationExpense" xlink:label="ProfitLossFromOperatingActivitiesBeforeInterestTaxesDepreciationAndAmortisationExpense" xlink:title="ProfitLossFromOperatingActivitiesBeforeInterestTaxesDepreciationAndAmortisationExpense"/><link:label xlink:type="resource" xlink:label="label_ProfitLossFromOperatingActivitiesBeforeInterestTaxesDepreciationAndAmortisationExpense" xlink:role="http://www.xbrl.org/2003/role/label" xlink:title="ProfitLossFromOperatingActivitiesBeforeInterestTaxesDepreciationAndAmortisationExpense_Label" xml:lang="en">Profit (loss) from operating activities before interest, taxes, depreciation and amortisation expense</link:label><link:labelArc xlink:type="arc" xlink:arcrole="http://www.xbrl.org/2003/arcrole/concept-label" xlink:from="ProfitLossFromOperatingActivitiesBeforeInterestTaxesDepreciationAndAmortisationExpense" xlink:to="label_ProfitLossFromOperatingActivitiesBeforeInterestTaxesDepreciationAndAmortisationExpense" xlink:title="Label: ProfitLossFromOperatingActivitiesBeforeInterestTaxesDepreciationAndAmortisationExpense to label_ProfitLossFromOperatingActivitiesBeforeInterestTaxesDepreciationAndAmortisationExpense"/><link:loc xlink:type="locator" xlink:href="21380021ZMHVZYWRTO10-2021-12-31.xsd#ΜΖΚ_AdjustmentsForInvestmentIncome" xlink:label="AdjustmentsForInvestmentIncome" xlink:title="AdjustmentsForInvestmentIncome"/><link:label xlink:type="resource" xlink:label="label_AdjustmentsForInvestmentIncome" xlink:role="http://www.xbrl.org/2003/role/label" xlink:title="AdjustmentsForInvestmentIncome_Label" xml:lang="en">Adjustments for investment income</link:label><link:labelArc xlink:type="arc" xlink:arcrole="http://www.xbrl.org/2003/arcrole/concept-label" xlink:from="AdjustmentsForInvestmentIncome" xlink:to="label_AdjustmentsForInvestmentIncome" xlink:title="Label: AdjustmentsForInvestmentIncome to label_AdjustmentsForInvestmentIncome"/><link:loc xlink:type="locator" xlink:href="http://xbrl.ifrs.org/taxonomy/2020-03-16/full_ifrs/full_ifrs-cor_2020-03-16.xsd#ifrs-full_CashFlowsFromUsedInOperatingActivities" xlink:label="CashFlowsFromUsedInOperatingActivities" xlink:title="CashFlowsFromUsedInOperatingActivities"/><link:label xlink:type="resource" xlink:label="label_CashFlowsFromUsedInOperatingActivities" xlink:role="http://www.xbrl.org/2003/role/totalLabel" xlink:title="CashFlowsFromUsedInOperatingActivities_Label" xml:lang="en">Cash flows from (used in) operating activities</link:label><link:labelArc xlink:type="arc" xlink:arcrole="http://www.xbrl.org/2003/arcrole/concept-label" xlink:from="CashFlowsFromUsedInOperatingActivities" xlink:to="label_CashFlowsFromUsedInOperatingActivities" xlink:title="Label: CashFlowsFromUsedInOperatingActivities to label_CashFlowsFromUsedInOperatingActivities"/><link:loc xlink:type="locator" xlink:href="21380021ZMHVZYWRTO10-2021-12-31.xsd#ΜΖΚ_PurchaseOfPropertyPlantAndEquipmentAndPurchaseOfIntangibleAssetsClassifiedAsInvestingActivities" xlink:label="PurchaseOfPropertyPlantAndEquipmentAndPurchaseOfIntangibleAssetsClassifiedAsInvestingActivities" xlink:title="PurchaseOfPropertyPlantAndEquipmentAndPurchaseOfIntangibleAssetsClassifiedAsInvestingActivities"/><link:label xlink:type="resource" xlink:label="label_PurchaseOfPropertyPlantAndEquipmentAndPurchaseOfIntangibleAssetsClassifiedAsInvestingActivities" xlink:role="http://www.xbrl.org/2003/role/label" xlink:title="PurchaseOfPropertyPlantAndEquipmentAndPurchaseOfIntangibleAssetsClassifiedAsInvestingActivities_Label" xml:lang="en">Purchase of property, plant and equipment and purchase of intangible assets, classified as investing activities</link:label><link:labelArc xlink:type="arc" xlink:arcrole="http://www.xbrl.org/2003/arcrole/concept-label" xlink:from="PurchaseOfPropertyPlantAndEquipmentAndPurchaseOfIntangibleAssetsClassifiedAsInvestingActivities" xlink:to="label_PurchaseOfPropertyPlantAndEquipmentAndPurchaseOfIntangibleAssetsClassifiedAsInvestingActivities" xlink:title="Label: PurchaseOfPropertyPlantAndEquipmentAndPurchaseOfIntangibleAssetsClassifiedAsInvestingActivities to label_PurchaseOfPropertyPlantAndEquipmentAndPurchaseOfIntangibleAssetsClassifiedAsInvestingActivities"/><link:loc xlink:type="locator" xlink:href="21380021ZMHVZYWRTO10-2021-12-31.xsd#ΜΖΚ_ProceedsFromSalesOfPropertyPlantAndEquipmentAndProceedsFromSalesOfIntangibleAssetsClassifiedAsInvestingActivities" xlink:label="ProceedsFromSalesOfPropertyPlantAndEquipmentAndProceedsFromSalesOfIntangibleAssetsClassifiedAsInvestingActivities" xlink:title="ProceedsFromSalesOfPropertyPlantAndEquipmentAndProceedsFromSalesOfIntangibleAssetsClassifiedAsInvestingActivities"/><link:label xlink:type="resource" xlink:label="label_ProceedsFromSalesOfPropertyPlantAndEquipmentAndProceedsFromSalesOfIntangibleAssetsClassifiedAsInvestingActivities" xlink:role="http://www.xbrl.org/2003/role/label" xlink:title="ProceedsFromSalesOfPropertyPlantAndEquipmentAndProceedsFromSalesOfIntangibleAssetsClassifiedAsInvestingActivities_Label" xml:lang="en">Proceeds from sales of property, plant and equipment and proceeds from sales of intangible assets, classified as investing activities</link:label><link:labelArc xlink:type="arc" xlink:arcrole="http://www.xbrl.org/2003/arcrole/concept-label" xlink:from="ProceedsFromSalesOfPropertyPlantAndEquipmentAndProceedsFromSalesOfIntangibleAssetsClassifiedAsInvestingActivities" xlink:to="label_ProceedsFromSalesOfPropertyPlantAndEquipmentAndProceedsFromSalesOfIntangibleAssetsClassifiedAsInvestingActivities" xlink:title="Label: ProceedsFromSalesOfPropertyPlantAndEquipmentAndProceedsFromSalesOfIntangibleAssetsClassifiedAsInvestingActivities to label_ProceedsFromSalesOfPropertyPlantAndEquipmentAndProceedsFromSalesOfIntangibleAssetsClassifiedAsInvestingActivities"/><link:loc xlink:type="locator" xlink:href="http://xbrl.ifrs.org/taxonomy/2020-03-16/full_ifrs/full_ifrs-cor_2020-03-16.xsd#ifrs-full_CashFlowsFromUsedInInvestingActivities" xlink:label="CashFlowsFromUsedInInvestingActivities" xlink:title="CashFlowsFromUsedInInvestingActivities"/><link:label xlink:type="resource" xlink:label="label_CashFlowsFromUsedInInvestingActivities" xlink:role="http://www.xbrl.org/2003/role/totalLabel" xlink:title="CashFlowsFromUsedInInvestingActivities_Label" xml:lang="en">Cash flows from (used in) investing activities</link:label><link:labelArc xlink:type="arc" xlink:arcrole="http://www.xbrl.org/2003/arcrole/concept-label" xlink:from="CashFlowsFromUsedInInvestingActivities" xlink:to="label_CashFlowsFromUsedInInvestingActivities" xlink:title="Label: CashFlowsFromUsedInInvestingActivities to label_CashFlowsFromUsedInInvestingActivities"/><link:loc xlink:type="locator" xlink:href="21380021ZMHVZYWRTO10-2021-12-31.xsd#ΜΖΚ_ProceedsFromBorrowingsAndRepaymentsOfBorrowingsClassifiedAsFinancingActivities" xlink:label="ProceedsFromBorrowingsAndRepaymentsOfBorrowingsClassifiedAsFinancingActivities" xlink:title="ProceedsFromBorrowingsAndRepaymentsOfBorrowingsClassifiedAsFinancingActivities"/><link:label xlink:type="resource" xlink:label="label_ProceedsFromBorrowingsAndRepaymentsOfBorrowingsClassifiedAsFinancingActivities" xlink:role="http://www.xbrl.org/2003/role/label" xlink:title="ProceedsFromBorrowingsAndRepaymentsOfBorrowingsClassifiedAsFinancingActivities_Label" xml:lang="en">Proceeds from borrowings and repayments of borrowings, classified as financing activities</link:label><link:labelArc xlink:type="arc" xlink:arcrole="http://www.xbrl.org/2003/arcrole/concept-label" xlink:from="ProceedsFromBorrowingsAndRepaymentsOfBorrowingsClassifiedAsFinancingActivities" xlink:to="label_ProceedsFromBorrowingsAndRepaymentsOfBorrowingsClassifiedAsFinancingActivities" xlink:title="Label: ProceedsFromBorrowingsAndRepaymentsOfBorrowingsClassifiedAsFinancingActivities to label_ProceedsFromBorrowingsAndRepaymentsOfBorrowingsClassifiedAsFinancingActivities"/><link:loc xlink:type="locator" xlink:href="http://xbrl.ifrs.org/taxonomy/2020-03-16/full_ifrs/full_ifrs-cor_2020-03-16.xsd#ifrs-full_CashFlowsFromUsedInFinancingActivities" xlink:label="CashFlowsFromUsedInFinancingActivities" xlink:title="CashFlowsFromUsedInFinancingActivities"/><link:label xlink:type="resource" xlink:label="label_CashFlowsFromUsedInFinancingActivities" xlink:role="http://www.xbrl.org/2003/role/totalLabel" xlink:title="CashFlowsFromUsedInFinancingActivities_Label" xml:lang="en">Cash flows from (used in) financing activities</link:label><link:labelArc xlink:type="arc" xlink:arcrole="http://www.xbrl.org/2003/arcrole/concept-label" xlink:from="CashFlowsFromUsedInFinancingActivities" xlink:to="label_CashFlowsFromUsedInFinancingActivities" xlink:title="Label: CashFlowsFromUsedInFinancingActivities to label_CashFlowsFromUsedInFinancingActivities"/><link:loc xlink:type="locator" xlink:href="http://xbrl.ifrs.org/taxonomy/2020-03-16/full_ifrs/full_ifrs-cor_2020-03-16.xsd#ifrs-full_IncreaseDecreaseInCashAndCashEquivalents" xlink:label="IncreaseDecreaseInCashAndCashEquivalents" xlink:title="IncreaseDecreaseInCashAndCashEquivalents"/><link:label xlink:type="resource" xlink:label="label_IncreaseDecreaseInCashAndCashEquivalents" xlink:role="http://www.xbrl.org/2003/role/totalLabel" xlink:title="IncreaseDecreaseInCashAndCashEquivalents_Label" xml:lang="en">Increase (decrease) in cash and cash equivalents</link:label><link:labelArc xlink:type="arc" xlink:arcrole="http://www.xbrl.org/2003/arcrole/concept-label" xlink:from="IncreaseDecreaseInCashAndCashEquivalents" xlink:to="label_IncreaseDecreaseInCashAndCashEquivalents" xlink:title="Label: IncreaseDecreaseInCashAndCashEquivalents to label_IncreaseDecreaseInCashAndCashEquivalents"/><link:loc xlink:type="locator" xlink:href="21380021ZMHVZYWRTO10-2021-12-31.xsd#ΜΖΚ_CommonTable" xlink:label="CommonTable" xlink:title="CommonTable"/><link:label xlink:type="resource" xlink:label="label_CommonTable" xlink:role="http://www.xbrl.org/2003/role/label" xlink:title="CommonTable_Label" xml:lang="en">Common Table</link:label><link:labelArc xlink:type="arc" xlink:arcrole="http://www.xbrl.org/2003/arcrole/concept-label" xlink:from="CommonTable" xlink:to="label_CommonTable" xlink:title="Label: CommonTable to label_CommonTable"/><link:loc xlink:type="locator" xlink:href="21380021ZMHVZYWRTO10-2021-12-31.xsd#ΜΖΚ_OpeningBalanceBeforeAdjustmentCumulativeEffectAtDateOfInitialApplicationMember" xlink:label="OpeningBalanceBeforeAdjustmentCumulativeEffectAtDateOfInitialApplicationMember" xlink:title="OpeningBalanceBeforeAdjustmentCumulativeEffectAtDateOfInitialApplicationMember"/><link:label xlink:type="resource" xlink:label="label_OpeningBalanceBeforeAdjustmentCumulativeEffectAtDateOfInitialApplicationMember" xlink:role="http://www.xbrl.org/2003/role/label" xlink:title="OpeningBalanceBeforeAdjustmentCumulativeEffectAtDateOfInitialApplicationMember_Label" xml:lang="en">Opening balance before adjustment, cumulative effect at date of initial application [member]</link:label><link:labelArc xlink:type="arc" xlink:arcrole="http://www.xbrl.org/2003/arcrole/concept-label" xlink:from="OpeningBalanceBeforeAdjustmentCumulativeEffectAtDateOfInitialApplicationMember" xlink:to="label_OpeningBalanceBeforeAdjustmentCumulativeEffectAtDateOfInitialApplicationMember" xlink:title="Label: OpeningBalanceBeforeAdjustmentCumulativeEffectAtDateOfInitialApplicationMember to label_OpeningBalanceBeforeAdjustmentCumulativeEffectAtDateOfInitialApplicationMember"/><link:loc xlink:type="locator" xlink:href="21380021ZMHVZYWRTO10-2021-12-31.xsd#ΜΖΚ_CumulativeEffectAtDateOfInitialApplicationAxis" xlink:label="CumulativeEffectAtDateOfInitialApplicationAxis" xlink:title="CumulativeEffectAtDateOfInitialApplicationAxis"/><link:label xlink:type="resource" xlink:label="label_CumulativeEffectAtDateOfInitialApplicationAxis" xlink:role="http://www.xbrl.org/2003/role/label" xlink:title="CumulativeEffectAtDateOfInitialApplicationAxis_Label" xml:lang="en">Cumulative effect at date of initial application [axis]</link:label><link:labelArc xlink:type="arc" xlink:arcrole="http://www.xbrl.org/2003/arcrole/concept-label" xlink:from="CumulativeEffectAtDateOfInitialApplicationAxis" xlink:to="label_CumulativeEffectAtDateOfInitialApplicationAxis" xlink:title="Label: CumulativeEffectAtDateOfInitialApplicationAxis to label_CumulativeEffectAtDateOfInitialApplicationAxis"/><link:loc xlink:type="locator" xlink:href="21380021ZMHVZYWRTO10-2021-12-31.xsd#ΜΖΚ_OpeningBalanceAfterAdjustmentCumulativeEffectAtDateOfInitialApplicationMember" xlink:label="OpeningBalanceAfterAdjustmentCumulativeEffectAtDateOfInitialApplicationMember" xlink:title="OpeningBalanceAfterAdjustmentCumulativeEffectAtDateOfInitialApplicationMember"/><link:label xlink:type="resource" xlink:label="label_OpeningBalanceAfterAdjustmentCumulativeEffectAtDateOfInitialApplicationMember" xlink:role="http://www.xbrl.org/2003/role/label" xlink:title="OpeningBalanceAfterAdjustmentCumulativeEffectAtDateOfInitialApplicationMember_Label" xml:lang="en">Opening balance after adjustment, cumulative effect at date of initial application [member]</link:label><link:labelArc xlink:type="arc" xlink:arcrole="http://www.xbrl.org/2003/arcrole/concept-label" xlink:from="OpeningBalanceAfterAdjustmentCumulativeEffectAtDateOfInitialApplicationMember" xlink:to="label_OpeningBalanceAfterAdjustmentCumulativeEffectAtDateOfInitialApplicationMember" xlink:title="Label: OpeningBalanceAfterAdjustmentCumulativeEffectAtDateOfInitialApplicationMember to label_OpeningBalanceAfterAdjustmentCumulativeEffectAtDateOfInitialApplicationMember"/><link:loc xlink:type="locator" xlink:href="21380021ZMHVZYWRTO10-2021-12-31.xsd#ΜΖΚ_IncreaseDecreaseDueToChangesInAccountingPolicyRequiredByIfrssCumulativeEffectAtDateOfInitialApplicationMember" xlink:label="IncreaseDecreaseDueToChangesInAccountingPolicyRequiredByIfrssCumulativeEffectAtDateOfInitialApplicationMember" xlink:title="IncreaseDecreaseDueToChangesInAccountingPolicyRequiredByIfrssCumulativeEffectAtDateOfInitialApplicationMember"/><link:label xlink:type="resource" xlink:label="label_IncreaseDecreaseDueToChangesInAccountingPolicyRequiredByIfrssCumulativeEffectAtDateOfInitialApplicationMember" xlink:role="http://www.xbrl.org/2003/role/label" xlink:title="IncreaseDecreaseDueToChangesInAccountingPolicyRequiredByIfrssCumulativeEffectAtDateOfInitialApplicationMember_Label" xml:lang="en">Increase (decrease) due to changes in accounting policy required by IFRSs, cumulative effect at date of initial application [member]</link:label><link:labelArc xlink:type="arc" xlink:arcrole="http://www.xbrl.org/2003/arcrole/concept-label" xlink:from="IncreaseDecreaseDueToChangesInAccountingPolicyRequiredByIfrssCumulativeEffectAtDateOfInitialApplicationMember" xlink:to="label_IncreaseDecreaseDueToChangesInAccountingPolicyRequiredByIfrssCumulativeEffectAtDateOfInitialApplicationMember" xlink:title="Label: IncreaseDecreaseDueToChangesInAccountingPolicyRequiredByIfrssCumulativeEffectAtDateOfInitialApplicationMember to label_IncreaseDecreaseDueToChangesInAccountingPolicyRequiredByIfrssCumulativeEffectAtDateOfInitialApplicationMember"/><link:loc xlink:type="locator" xlink:href="21380021ZMHVZYWRTO10-2021-12-31.xsd#ΜΖΚ_Ias19Member" xlink:label="Ias19Member" xlink:title="Ias19Member"/><link:label xlink:type="resource" xlink:label="label_Ias19Member" xlink:role="http://www.xbrl.org/2003/role/label" xlink:title="Ias19Member_Label" xml:lang="en">IAS 19 [member]</link:label><link:labelArc xlink:type="arc" xlink:arcrole="http://www.xbrl.org/2003/arcrole/concept-label" xlink:from="Ias19Member" xlink:to="label_Ias19Member" xlink:title="Label: Ias19Member to label_Ias19Member"/></link:labelLink></link:linkbase>