<?xml version="1.0" encoding ="UTF-8"?><link:linkbase xmlns:xsi="http://www.w3.org/2001/XMLSchema-instance" xsi:schemaLocation="http://www.xbrl.org/2003/linkbase http://www.xbrl.org/2003/xbrl-linkbase-2003-12-31.xsd" xmlns:link="http://www.xbrl.org/2003/linkbase" xmlns:xbrli="http://www.xbrl.org/2003/instance" xmlns:xlink="http://www.w3.org/1999/xlink" xmlns:xbrldt="http://xbrl.org/2005/xbrldt"><link:labelLink xlink:type="extended" xlink:role="http://www.xbrl.org/2003/role/link"><link:loc xlink:type="locator" xlink:href="http://xbrl.ifrs.org/taxonomy/2020-03-16/full_ifrs/full_ifrs-cor_2020-03-16.xsd#ifrs-full_NoncurrentAssets" xlink:label="NoncurrentAssets" xlink:title="NoncurrentAssets"/><link:label xlink:type="resource" xlink:label="label_NoncurrentAssets" xlink:role="http://www.xbrl.org/2003/role/totalLabel" xlink:title="NoncurrentAssets_Label" xml:lang="el">Μη κυκλοφορούντα περιουσιακά στοιχεία</link:label><link:labelArc xlink:type="arc" xlink:arcrole="http://www.xbrl.org/2003/arcrole/concept-label" xlink:from="NoncurrentAssets" xlink:to="label_NoncurrentAssets" xlink:title="Label: NoncurrentAssets to label_NoncurrentAssets"/><link:loc xlink:type="locator" xlink:href="http://xbrl.ifrs.org/taxonomy/2020-03-16/full_ifrs/full_ifrs-cor_2020-03-16.xsd#ifrs-full_CashAndCashEquivalents" xlink:label="CashAndCashEquivalents" xlink:title="CashAndCashEquivalents"/><link:label xlink:type="resource" xlink:label="label_CashAndCashEquivalents" xlink:role="http://www.xbrl.org/2003/role/periodStartLabel" xlink:title="CashAndCashEquivalents_Label" xml:lang="el">Ταμειακά διαθέσιμα και ισοδύναμα στην αρχή της περιόδου</link:label><link:labelArc xlink:type="arc" xlink:arcrole="http://www.xbrl.org/2003/arcrole/concept-label" xlink:from="CashAndCashEquivalents" xlink:to="label_CashAndCashEquivalents" xlink:title="Label: CashAndCashEquivalents to label_CashAndCashEquivalents"/><link:loc xlink:type="locator" xlink:href="http://xbrl.ifrs.org/taxonomy/2020-03-16/full_ifrs/full_ifrs-cor_2020-03-16.xsd#ifrs-full_CashAndCashEquivalents" xlink:label="CashAndCashEquivalents_2" xlink:title="CashAndCashEquivalents_2"/><link:label xlink:type="resource" xlink:label="label_CashAndCashEquivalents_2" xlink:role="http://www.xbrl.org/2003/role/periodEndLabel" xlink:title="CashAndCashEquivalents_2_Label" xml:lang="el">Ταμειακά διαθέσιμα και ισοδύναμα στο τέλος της περιόδου</link:label><link:labelArc xlink:type="arc" xlink:arcrole="http://www.xbrl.org/2003/arcrole/concept-label" xlink:from="CashAndCashEquivalents_2" xlink:to="label_CashAndCashEquivalents_2" xlink:title="Label: CashAndCashEquivalents_2 to label_CashAndCashEquivalents_2"/><link:loc xlink:type="locator" xlink:href="http://xbrl.ifrs.org/taxonomy/2020-03-16/full_ifrs/full_ifrs-cor_2020-03-16.xsd#ifrs-full_CurrentAssets" xlink:label="CurrentAssets" xlink:title="CurrentAssets"/><link:label xlink:type="resource" xlink:label="label_CurrentAssets" xlink:role="http://www.xbrl.org/2003/role/totalLabel" xlink:title="CurrentAssets_Label" xml:lang="el">Κυκλοφορούντα περιουσιακά στοιχεία</link:label><link:labelArc xlink:type="arc" xlink:arcrole="http://www.xbrl.org/2003/arcrole/concept-label" xlink:from="CurrentAssets" xlink:to="label_CurrentAssets" xlink:title="Label: CurrentAssets to label_CurrentAssets"/><link:loc xlink:type="locator" xlink:href="http://xbrl.ifrs.org/taxonomy/2020-03-16/full_ifrs/full_ifrs-cor_2020-03-16.xsd#ifrs-full_Assets" xlink:label="Assets" xlink:title="Assets"/><link:label xlink:type="resource" xlink:label="label_Assets" xlink:role="http://www.xbrl.org/2003/role/totalLabel" xlink:title="Assets_Label" xml:lang="el">Περιουσιακά στοιχεία</link:label><link:labelArc xlink:type="arc" xlink:arcrole="http://www.xbrl.org/2003/arcrole/concept-label" xlink:from="Assets" xlink:to="label_Assets" xlink:title="Label: Assets to label_Assets"/><link:loc xlink:type="locator" xlink:href="21380021ZMHVZYWRTO10-2021-12-31.xsd#ΜΖΚ_MiscellaneousOtherReserves" xlink:label="MiscellaneousOtherReserves" xlink:title="MiscellaneousOtherReserves"/><link:label xlink:type="resource" xlink:label="label_MiscellaneousOtherReserves" xlink:role="http://www.xbrl.org/2003/role/label" xlink:title="MiscellaneousOtherReserves_Label" xml:lang="el">Διάφορα άλλα αποθεματικά</link:label><link:labelArc xlink:type="arc" xlink:arcrole="http://www.xbrl.org/2003/arcrole/concept-label" xlink:from="MiscellaneousOtherReserves" xlink:to="label_MiscellaneousOtherReserves" xlink:title="Label: MiscellaneousOtherReserves to label_MiscellaneousOtherReserves"/><link:loc xlink:type="locator" xlink:href="http://xbrl.ifrs.org/taxonomy/2020-03-16/full_ifrs/full_ifrs-cor_2020-03-16.xsd#ifrs-full_EquityAttributableToOwnersOfParent" xlink:label="EquityAttributableToOwnersOfParent" xlink:title="EquityAttributableToOwnersOfParent"/><link:label xlink:type="resource" xlink:label="label_EquityAttributableToOwnersOfParent" xlink:role="http://www.xbrl.org/2003/role/totalLabel" xlink:title="EquityAttributableToOwnersOfParent_Label" xml:lang="el">Ίδια κεφάλαια που αναλογούν στους ιδιοκτήτες μητρικής</link:label><link:labelArc xlink:type="arc" xlink:arcrole="http://www.xbrl.org/2003/arcrole/concept-label" xlink:from="EquityAttributableToOwnersOfParent" xlink:to="label_EquityAttributableToOwnersOfParent" xlink:title="Label: EquityAttributableToOwnersOfParent to label_EquityAttributableToOwnersOfParent"/><link:loc xlink:type="locator" xlink:href="http://xbrl.ifrs.org/taxonomy/2020-03-16/full_ifrs/full_ifrs-cor_2020-03-16.xsd#ifrs-full_Equity" xlink:label="Equity" xlink:title="Equity"/><link:label xlink:type="resource" xlink:label="label_Equity" xlink:role="http://www.xbrl.org/2003/role/totalLabel" xlink:title="Equity_Label" xml:lang="el">Ίδια κεφάλαια</link:label><link:labelArc xlink:type="arc" xlink:arcrole="http://www.xbrl.org/2003/arcrole/concept-label" xlink:from="Equity" xlink:to="label_Equity" xlink:title="Label: Equity to label_Equity"/><link:loc xlink:type="locator" xlink:href="http://xbrl.ifrs.org/taxonomy/2020-03-16/full_ifrs/full_ifrs-cor_2020-03-16.xsd#ifrs-full_Equity" xlink:label="Equity_2" xlink:title="Equity_2"/><link:label xlink:type="resource" xlink:label="label_Equity_2" xlink:role="http://www.xbrl.org/2003/role/periodStartLabel" xlink:title="Equity_2_Label" xml:lang="el">Ίδια κεφάλαια στην αρχή της περιόδου</link:label><link:labelArc xlink:type="arc" xlink:arcrole="http://www.xbrl.org/2003/arcrole/concept-label" xlink:from="Equity_2" xlink:to="label_Equity_2" xlink:title="Label: Equity_2 to label_Equity_2"/><link:loc xlink:type="locator" xlink:href="http://xbrl.ifrs.org/taxonomy/2020-03-16/full_ifrs/full_ifrs-cor_2020-03-16.xsd#ifrs-full_Equity" xlink:label="Equity_3" xlink:title="Equity_3"/><link:label xlink:type="resource" xlink:label="label_Equity_3" xlink:role="http://www.xbrl.org/2003/role/periodEndLabel" xlink:title="Equity_3_Label" xml:lang="el">Ίδια κεφάλαια στο τέλος της περιόδου</link:label><link:labelArc xlink:type="arc" xlink:arcrole="http://www.xbrl.org/2003/arcrole/concept-label" xlink:from="Equity_3" xlink:to="label_Equity_3" xlink:title="Label: Equity_3 to label_Equity_3"/><link:loc xlink:type="locator" xlink:href="http://xbrl.ifrs.org/taxonomy/2020-03-16/full_ifrs/full_ifrs-cor_2020-03-16.xsd#ifrs-full_NoncurrentLiabilities" xlink:label="NoncurrentLiabilities" xlink:title="NoncurrentLiabilities"/><link:label xlink:type="resource" xlink:label="label_NoncurrentLiabilities" xlink:role="http://www.xbrl.org/2003/role/totalLabel" xlink:title="NoncurrentLiabilities_Label" xml:lang="el">Μακροπρόθεσμες υποχρεώσεις</link:label><link:labelArc xlink:type="arc" xlink:arcrole="http://www.xbrl.org/2003/arcrole/concept-label" xlink:from="NoncurrentLiabilities" xlink:to="label_NoncurrentLiabilities" xlink:title="Label: NoncurrentLiabilities to label_NoncurrentLiabilities"/><link:loc xlink:type="locator" xlink:href="http://xbrl.ifrs.org/taxonomy/2020-03-16/full_ifrs/full_ifrs-cor_2020-03-16.xsd#ifrs-full_CurrentLiabilities" xlink:label="CurrentLiabilities" xlink:title="CurrentLiabilities"/><link:label xlink:type="resource" xlink:label="label_CurrentLiabilities" xlink:role="http://www.xbrl.org/2003/role/totalLabel" xlink:title="CurrentLiabilities_Label" xml:lang="el">Βραχυπρόθεσμες υποχρεώσεις</link:label><link:labelArc xlink:type="arc" xlink:arcrole="http://www.xbrl.org/2003/arcrole/concept-label" xlink:from="CurrentLiabilities" xlink:to="label_CurrentLiabilities" xlink:title="Label: CurrentLiabilities to label_CurrentLiabilities"/><link:loc xlink:type="locator" xlink:href="http://xbrl.ifrs.org/taxonomy/2020-03-16/full_ifrs/full_ifrs-cor_2020-03-16.xsd#ifrs-full_Liabilities" xlink:label="Liabilities" xlink:title="Liabilities"/><link:label xlink:type="resource" xlink:label="label_Liabilities" xlink:role="http://www.xbrl.org/2003/role/totalLabel" xlink:title="Liabilities_Label" xml:lang="el">Παθητικό</link:label><link:labelArc xlink:type="arc" xlink:arcrole="http://www.xbrl.org/2003/arcrole/concept-label" xlink:from="Liabilities" xlink:to="label_Liabilities" xlink:title="Label: Liabilities to label_Liabilities"/><link:loc xlink:type="locator" xlink:href="http://xbrl.ifrs.org/taxonomy/2020-03-16/full_ifrs/full_ifrs-cor_2020-03-16.xsd#ifrs-full_EquityAndLiabilities" xlink:label="EquityAndLiabilities" xlink:title="EquityAndLiabilities"/><link:label xlink:type="resource" xlink:label="label_EquityAndLiabilities" xlink:role="http://www.xbrl.org/2003/role/totalLabel" xlink:title="EquityAndLiabilities_Label" xml:lang="el">Ίδια κεφάλαια και υποχρεώσεις</link:label><link:labelArc xlink:type="arc" xlink:arcrole="http://www.xbrl.org/2003/arcrole/concept-label" xlink:from="EquityAndLiabilities" xlink:to="label_EquityAndLiabilities" xlink:title="Label: EquityAndLiabilities to label_EquityAndLiabilities"/><link:loc xlink:type="locator" xlink:href="http://xbrl.ifrs.org/taxonomy/2020-03-16/full_ifrs/full_ifrs-cor_2020-03-16.xsd#ifrs-full_GrossProfit" xlink:label="GrossProfit" xlink:title="GrossProfit"/><link:label xlink:type="resource" xlink:label="label_GrossProfit" xlink:role="http://www.xbrl.org/2003/role/totalLabel" xlink:title="GrossProfit_Label" xml:lang="el">Μικτό κέρδος</link:label><link:labelArc xlink:type="arc" xlink:arcrole="http://www.xbrl.org/2003/arcrole/concept-label" xlink:from="GrossProfit" xlink:to="label_GrossProfit" xlink:title="Label: GrossProfit to label_GrossProfit"/><link:loc xlink:type="locator" xlink:href="21380021ZMHVZYWRTO10-2021-12-31.xsd#ΜΖΚ_SellingExpenseAndDistributionCosts" xlink:label="SellingExpenseAndDistributionCosts" xlink:title="SellingExpenseAndDistributionCosts"/><link:label xlink:type="resource" xlink:label="label_SellingExpenseAndDistributionCosts" xlink:role="http://www.xbrl.org/2003/role/label" xlink:title="SellingExpenseAndDistributionCosts_Label" xml:lang="el">Έξοδα πώλησης και κόστος διανομής</link:label><link:labelArc xlink:type="arc" xlink:arcrole="http://www.xbrl.org/2003/arcrole/concept-label" xlink:from="SellingExpenseAndDistributionCosts" xlink:to="label_SellingExpenseAndDistributionCosts" xlink:title="Label: SellingExpenseAndDistributionCosts to label_SellingExpenseAndDistributionCosts"/><link:loc xlink:type="locator" xlink:href="http://xbrl.ifrs.org/taxonomy/2020-03-16/full_ifrs/full_ifrs-cor_2020-03-16.xsd#ifrs-full_ProfitLossFromOperatingActivities" xlink:label="ProfitLossFromOperatingActivities" xlink:title="ProfitLossFromOperatingActivities"/><link:label xlink:type="resource" xlink:label="label_ProfitLossFromOperatingActivities" xlink:role="http://www.xbrl.org/2003/role/totalLabel" xlink:title="ProfitLossFromOperatingActivities_Label" xml:lang="el">Κέρδη (ζημίες) από λειτουργικές δραστηριότητες</link:label><link:labelArc xlink:type="arc" xlink:arcrole="http://www.xbrl.org/2003/arcrole/concept-label" xlink:from="ProfitLossFromOperatingActivities" xlink:to="label_ProfitLossFromOperatingActivities" xlink:title="Label: ProfitLossFromOperatingActivities to label_ProfitLossFromOperatingActivities"/><link:loc xlink:type="locator" xlink:href="http://xbrl.ifrs.org/taxonomy/2020-03-16/full_ifrs/full_ifrs-cor_2020-03-16.xsd#ifrs-full_ProfitLossBeforeTax" xlink:label="ProfitLossBeforeTax" xlink:title="ProfitLossBeforeTax"/><link:label xlink:type="resource" xlink:label="label_ProfitLossBeforeTax" xlink:role="http://www.xbrl.org/2003/role/totalLabel" xlink:title="ProfitLossBeforeTax_Label" xml:lang="el">Κέρδη (ζημίες) προ φόρων</link:label><link:labelArc xlink:type="arc" xlink:arcrole="http://www.xbrl.org/2003/arcrole/concept-label" xlink:from="ProfitLossBeforeTax" xlink:to="label_ProfitLossBeforeTax" xlink:title="Label: ProfitLossBeforeTax to label_ProfitLossBeforeTax"/><link:loc xlink:type="locator" xlink:href="http://xbrl.ifrs.org/taxonomy/2020-03-16/full_ifrs/full_ifrs-cor_2020-03-16.xsd#ifrs-full_ProfitLoss" xlink:label="ProfitLoss" xlink:title="ProfitLoss"/><link:label xlink:type="resource" xlink:label="label_ProfitLoss" xlink:role="http://www.xbrl.org/2003/role/totalLabel" xlink:title="ProfitLoss_Label" xml:lang="el">Κέρδη (ζημίες)</link:label><link:labelArc xlink:type="arc" xlink:arcrole="http://www.xbrl.org/2003/arcrole/concept-label" xlink:from="ProfitLoss" xlink:to="label_ProfitLoss" xlink:title="Label: ProfitLoss to label_ProfitLoss"/><link:loc xlink:type="locator" xlink:href="http://xbrl.ifrs.org/taxonomy/2020-03-16/full_ifrs/full_ifrs-cor_2020-03-16.xsd#ifrs-full_OtherComprehensiveIncome" xlink:label="OtherComprehensiveIncome" xlink:title="OtherComprehensiveIncome"/><link:label xlink:type="resource" xlink:label="label_OtherComprehensiveIncome" xlink:role="http://www.xbrl.org/2003/role/totalLabel" xlink:title="OtherComprehensiveIncome_Label" xml:lang="el">Λοιπά συνολικά έσοδα</link:label><link:labelArc xlink:type="arc" xlink:arcrole="http://www.xbrl.org/2003/arcrole/concept-label" xlink:from="OtherComprehensiveIncome" xlink:to="label_OtherComprehensiveIncome" xlink:title="Label: OtherComprehensiveIncome to label_OtherComprehensiveIncome"/><link:loc xlink:type="locator" xlink:href="http://xbrl.ifrs.org/taxonomy/2020-03-16/full_ifrs/full_ifrs-cor_2020-03-16.xsd#ifrs-full_ComprehensiveIncome" xlink:label="ComprehensiveIncome" xlink:title="ComprehensiveIncome"/><link:label xlink:type="resource" xlink:label="label_ComprehensiveIncome" xlink:role="http://www.xbrl.org/2003/role/totalLabel" xlink:title="ComprehensiveIncome_Label" xml:lang="el">Συνολικά έσοδα</link:label><link:labelArc xlink:type="arc" xlink:arcrole="http://www.xbrl.org/2003/arcrole/concept-label" xlink:from="ComprehensiveIncome" xlink:to="label_ComprehensiveIncome" xlink:title="Label: ComprehensiveIncome to label_ComprehensiveIncome"/><link:loc xlink:type="locator" xlink:href="21380021ZMHVZYWRTO10-2021-12-31.xsd#ΜΖΚ_ProfitLossFromOperatingActivitiesBeforeInterestTaxesDepreciationAndAmortisationExpense" xlink:label="ProfitLossFromOperatingActivitiesBeforeInterestTaxesDepreciationAndAmortisationExpense" xlink:title="ProfitLossFromOperatingActivitiesBeforeInterestTaxesDepreciationAndAmortisationExpense"/><link:label xlink:type="resource" xlink:label="label_ProfitLossFromOperatingActivitiesBeforeInterestTaxesDepreciationAndAmortisationExpense" xlink:role="http://www.xbrl.org/2003/role/label" xlink:title="ProfitLossFromOperatingActivitiesBeforeInterestTaxesDepreciationAndAmortisationExpense_Label" xml:lang="el">Κέρδος (ζημιά) από λειτουργικές δραστηριότητες πριν από τόκους, φόρους, αποσβέσεις και έξοδα απόσβεσης</link:label><link:labelArc xlink:type="arc" xlink:arcrole="http://www.xbrl.org/2003/arcrole/concept-label" xlink:from="ProfitLossFromOperatingActivitiesBeforeInterestTaxesDepreciationAndAmortisationExpense" xlink:to="label_ProfitLossFromOperatingActivitiesBeforeInterestTaxesDepreciationAndAmortisationExpense" xlink:title="Label: ProfitLossFromOperatingActivitiesBeforeInterestTaxesDepreciationAndAmortisationExpense to label_ProfitLossFromOperatingActivitiesBeforeInterestTaxesDepreciationAndAmortisationExpense"/><link:loc xlink:type="locator" xlink:href="21380021ZMHVZYWRTO10-2021-12-31.xsd#ΜΖΚ_AdjustmentsForInvestmentIncome" xlink:label="AdjustmentsForInvestmentIncome" xlink:title="AdjustmentsForInvestmentIncome"/><link:label xlink:type="resource" xlink:label="label_AdjustmentsForInvestmentIncome" xlink:role="http://www.xbrl.org/2003/role/label" xlink:title="AdjustmentsForInvestmentIncome_Label" xml:lang="el">Προσαρμογές για έσοδα από επενδύσεις</link:label><link:labelArc xlink:type="arc" xlink:arcrole="http://www.xbrl.org/2003/arcrole/concept-label" xlink:from="AdjustmentsForInvestmentIncome" xlink:to="label_AdjustmentsForInvestmentIncome" xlink:title="Label: AdjustmentsForInvestmentIncome to label_AdjustmentsForInvestmentIncome"/><link:loc xlink:type="locator" xlink:href="http://xbrl.ifrs.org/taxonomy/2020-03-16/full_ifrs/full_ifrs-cor_2020-03-16.xsd#ifrs-full_CashFlowsFromUsedInOperatingActivities" xlink:label="CashFlowsFromUsedInOperatingActivities" xlink:title="CashFlowsFromUsedInOperatingActivities"/><link:label xlink:type="resource" xlink:label="label_CashFlowsFromUsedInOperatingActivities" xlink:role="http://www.xbrl.org/2003/role/totalLabel" xlink:title="CashFlowsFromUsedInOperatingActivities_Label" xml:lang="el">Ταμειακές ροές από (που χρησιμοποιούνται σε) λειτουργικές δραστηριότητες</link:label><link:labelArc xlink:type="arc" xlink:arcrole="http://www.xbrl.org/2003/arcrole/concept-label" xlink:from="CashFlowsFromUsedInOperatingActivities" xlink:to="label_CashFlowsFromUsedInOperatingActivities" xlink:title="Label: CashFlowsFromUsedInOperatingActivities to label_CashFlowsFromUsedInOperatingActivities"/><link:loc xlink:type="locator" xlink:href="21380021ZMHVZYWRTO10-2021-12-31.xsd#ΜΖΚ_PurchaseOfPropertyPlantAndEquipmentAndPurchaseOfIntangibleAssetsClassifiedAsInvestingActivities" xlink:label="PurchaseOfPropertyPlantAndEquipmentAndPurchaseOfIntangibleAssetsClassifiedAsInvestingActivities" xlink:title="PurchaseOfPropertyPlantAndEquipmentAndPurchaseOfIntangibleAssetsClassifiedAsInvestingActivities"/><link:label xlink:type="resource" xlink:label="label_PurchaseOfPropertyPlantAndEquipmentAndPurchaseOfIntangibleAssetsClassifiedAsInvestingActivities" xlink:role="http://www.xbrl.org/2003/role/label" xlink:title="PurchaseOfPropertyPlantAndEquipmentAndPurchaseOfIntangibleAssetsClassifiedAsInvestingActivities_Label" xml:lang="el">Αγορά ακινήτων, εγκαταστάσεων και εξοπλισμού και αγορά άυλων περιουσιακών στοιχείων, ταξινομημένα ως επενδυτικές δραστηριότητες</link:label><link:labelArc xlink:type="arc" xlink:arcrole="http://www.xbrl.org/2003/arcrole/concept-label" xlink:from="PurchaseOfPropertyPlantAndEquipmentAndPurchaseOfIntangibleAssetsClassifiedAsInvestingActivities" xlink:to="label_PurchaseOfPropertyPlantAndEquipmentAndPurchaseOfIntangibleAssetsClassifiedAsInvestingActivities" xlink:title="Label: PurchaseOfPropertyPlantAndEquipmentAndPurchaseOfIntangibleAssetsClassifiedAsInvestingActivities to label_PurchaseOfPropertyPlantAndEquipmentAndPurchaseOfIntangibleAssetsClassifiedAsInvestingActivities"/><link:loc xlink:type="locator" xlink:href="21380021ZMHVZYWRTO10-2021-12-31.xsd#ΜΖΚ_ProceedsFromSalesOfPropertyPlantAndEquipmentAndProceedsFromSalesOfIntangibleAssetsClassifiedAsInvestingActivities" xlink:label="ProceedsFromSalesOfPropertyPlantAndEquipmentAndProceedsFromSalesOfIntangibleAssetsClassifiedAsInvestingActivities" xlink:title="ProceedsFromSalesOfPropertyPlantAndEquipmentAndProceedsFromSalesOfIntangibleAssetsClassifiedAsInvestingActivities"/><link:label xlink:type="resource" xlink:label="label_ProceedsFromSalesOfPropertyPlantAndEquipmentAndProceedsFromSalesOfIntangibleAssetsClassifiedAsInvestingActivities" xlink:role="http://www.xbrl.org/2003/role/label" xlink:title="ProceedsFromSalesOfPropertyPlantAndEquipmentAndProceedsFromSalesOfIntangibleAssetsClassifiedAsInvestingActivities_Label" xml:lang="el">Τα έσοδα από πωλήσεις ακινήτων, εγκαταστάσεων και εξοπλισμού και έσοδα από πωλήσεις άυλων περιουσιακών στοιχείων, ταξινομημένα ως επενδυτικές δραστηριότητες</link:label><link:labelArc xlink:type="arc" xlink:arcrole="http://www.xbrl.org/2003/arcrole/concept-label" xlink:from="ProceedsFromSalesOfPropertyPlantAndEquipmentAndProceedsFromSalesOfIntangibleAssetsClassifiedAsInvestingActivities" xlink:to="label_ProceedsFromSalesOfPropertyPlantAndEquipmentAndProceedsFromSalesOfIntangibleAssetsClassifiedAsInvestingActivities" xlink:title="Label: ProceedsFromSalesOfPropertyPlantAndEquipmentAndProceedsFromSalesOfIntangibleAssetsClassifiedAsInvestingActivities to label_ProceedsFromSalesOfPropertyPlantAndEquipmentAndProceedsFromSalesOfIntangibleAssetsClassifiedAsInvestingActivities"/><link:loc xlink:type="locator" xlink:href="http://xbrl.ifrs.org/taxonomy/2020-03-16/full_ifrs/full_ifrs-cor_2020-03-16.xsd#ifrs-full_CashFlowsFromUsedInInvestingActivities" xlink:label="CashFlowsFromUsedInInvestingActivities" xlink:title="CashFlowsFromUsedInInvestingActivities"/><link:label xlink:type="resource" xlink:label="label_CashFlowsFromUsedInInvestingActivities" xlink:role="http://www.xbrl.org/2003/role/totalLabel" xlink:title="CashFlowsFromUsedInInvestingActivities_Label" xml:lang="el">Ταμειακές ροές από (που χρησιμοποιούνται σε) επενδυτικές δραστηριότητες</link:label><link:labelArc xlink:type="arc" xlink:arcrole="http://www.xbrl.org/2003/arcrole/concept-label" xlink:from="CashFlowsFromUsedInInvestingActivities" xlink:to="label_CashFlowsFromUsedInInvestingActivities" xlink:title="Label: CashFlowsFromUsedInInvestingActivities to label_CashFlowsFromUsedInInvestingActivities"/><link:loc xlink:type="locator" xlink:href="21380021ZMHVZYWRTO10-2021-12-31.xsd#ΜΖΚ_ProceedsFromBorrowingsAndRepaymentsOfBorrowingsClassifiedAsFinancingActivities" xlink:label="ProceedsFromBorrowingsAndRepaymentsOfBorrowingsClassifiedAsFinancingActivities" xlink:title="ProceedsFromBorrowingsAndRepaymentsOfBorrowingsClassifiedAsFinancingActivities"/><link:label xlink:type="resource" xlink:label="label_ProceedsFromBorrowingsAndRepaymentsOfBorrowingsClassifiedAsFinancingActivities" xlink:role="http://www.xbrl.org/2003/role/label" xlink:title="ProceedsFromBorrowingsAndRepaymentsOfBorrowingsClassifiedAsFinancingActivities_Label" xml:lang="el">Εισπράξεις από δανειοληπτικές πράξεις και αποπληρωμές δανειοληπτικών πράξεων, που κατατάσσονται στις χρηματοδοτικές δραστηριότητες</link:label><link:labelArc xlink:type="arc" xlink:arcrole="http://www.xbrl.org/2003/arcrole/concept-label" xlink:from="ProceedsFromBorrowingsAndRepaymentsOfBorrowingsClassifiedAsFinancingActivities" xlink:to="label_ProceedsFromBorrowingsAndRepaymentsOfBorrowingsClassifiedAsFinancingActivities" xlink:title="Label: ProceedsFromBorrowingsAndRepaymentsOfBorrowingsClassifiedAsFinancingActivities to label_ProceedsFromBorrowingsAndRepaymentsOfBorrowingsClassifiedAsFinancingActivities"/><link:loc xlink:type="locator" xlink:href="http://xbrl.ifrs.org/taxonomy/2020-03-16/full_ifrs/full_ifrs-cor_2020-03-16.xsd#ifrs-full_CashFlowsFromUsedInFinancingActivities" xlink:label="CashFlowsFromUsedInFinancingActivities" xlink:title="CashFlowsFromUsedInFinancingActivities"/><link:label xlink:type="resource" xlink:label="label_CashFlowsFromUsedInFinancingActivities" xlink:role="http://www.xbrl.org/2003/role/totalLabel" xlink:title="CashFlowsFromUsedInFinancingActivities_Label" xml:lang="el">Ταμειακές ροές από (που χρησιμοποιούνται σε) χρηματοδοτικές δραστηριότητες</link:label><link:labelArc xlink:type="arc" xlink:arcrole="http://www.xbrl.org/2003/arcrole/concept-label" xlink:from="CashFlowsFromUsedInFinancingActivities" xlink:to="label_CashFlowsFromUsedInFinancingActivities" xlink:title="Label: CashFlowsFromUsedInFinancingActivities to label_CashFlowsFromUsedInFinancingActivities"/><link:loc xlink:type="locator" xlink:href="http://xbrl.ifrs.org/taxonomy/2020-03-16/full_ifrs/full_ifrs-cor_2020-03-16.xsd#ifrs-full_IncreaseDecreaseInCashAndCashEquivalents" xlink:label="IncreaseDecreaseInCashAndCashEquivalents" xlink:title="IncreaseDecreaseInCashAndCashEquivalents"/><link:label xlink:type="resource" xlink:label="label_IncreaseDecreaseInCashAndCashEquivalents" xlink:role="http://www.xbrl.org/2003/role/totalLabel" xlink:title="IncreaseDecreaseInCashAndCashEquivalents_Label" xml:lang="el">Αύξηση (μείωση) ταμειακών διαθεσίμων και ταμειακών ισοδυνάμων</link:label><link:labelArc xlink:type="arc" xlink:arcrole="http://www.xbrl.org/2003/arcrole/concept-label" xlink:from="IncreaseDecreaseInCashAndCashEquivalents" xlink:to="label_IncreaseDecreaseInCashAndCashEquivalents" xlink:title="Label: IncreaseDecreaseInCashAndCashEquivalents to label_IncreaseDecreaseInCashAndCashEquivalents"/><link:loc xlink:type="locator" xlink:href="21380021ZMHVZYWRTO10-2021-12-31.xsd#ΜΖΚ_CommonTable" xlink:label="CommonTable" xlink:title="CommonTable"/><link:label xlink:type="resource" xlink:label="label_CommonTable" xlink:role="http://www.xbrl.org/2003/role/label" xlink:title="CommonTable_Label" xml:lang="el">Common Table</link:label><link:labelArc xlink:type="arc" xlink:arcrole="http://www.xbrl.org/2003/arcrole/concept-label" xlink:from="CommonTable" xlink:to="label_CommonTable" xlink:title="Label: CommonTable to label_CommonTable"/><link:loc xlink:type="locator" xlink:href="21380021ZMHVZYWRTO10-2021-12-31.xsd#ΜΖΚ_OpeningBalanceBeforeAdjustmentCumulativeEffectAtDateOfInitialApplicationMember" xlink:label="OpeningBalanceBeforeAdjustmentCumulativeEffectAtDateOfInitialApplicationMember" xlink:title="OpeningBalanceBeforeAdjustmentCumulativeEffectAtDateOfInitialApplicationMember"/><link:label xlink:type="resource" xlink:label="label_OpeningBalanceBeforeAdjustmentCumulativeEffectAtDateOfInitialApplicationMember" xlink:role="http://www.xbrl.org/2003/role/label" xlink:title="OpeningBalanceBeforeAdjustmentCumulativeEffectAtDateOfInitialApplicationMember_Label" xml:lang="el">Υπόλοιπο εις νέον μετά την προσαρμογή, σωρευτικό αποτέλεσμα κατά την ημερομηνία αρχικής εφαρμογής [member]</link:label><link:labelArc xlink:type="arc" xlink:arcrole="http://www.xbrl.org/2003/arcrole/concept-label" xlink:from="OpeningBalanceBeforeAdjustmentCumulativeEffectAtDateOfInitialApplicationMember" xlink:to="label_OpeningBalanceBeforeAdjustmentCumulativeEffectAtDateOfInitialApplicationMember" xlink:title="Label: OpeningBalanceBeforeAdjustmentCumulativeEffectAtDateOfInitialApplicationMember to label_OpeningBalanceBeforeAdjustmentCumulativeEffectAtDateOfInitialApplicationMember"/><link:loc xlink:type="locator" xlink:href="21380021ZMHVZYWRTO10-2021-12-31.xsd#ΜΖΚ_CumulativeEffectAtDateOfInitialApplicationAxis" xlink:label="CumulativeEffectAtDateOfInitialApplicationAxis" xlink:title="CumulativeEffectAtDateOfInitialApplicationAxis"/><link:label xlink:type="resource" xlink:label="label_CumulativeEffectAtDateOfInitialApplicationAxis" xlink:role="http://www.xbrl.org/2003/role/label" xlink:title="CumulativeEffectAtDateOfInitialApplicationAxis_Label" xml:lang="el">Σωρευτικό αποτέλεσμα κατά την ημερομηνία αρχικής εφαρμογής [axis]</link:label><link:labelArc xlink:type="arc" xlink:arcrole="http://www.xbrl.org/2003/arcrole/concept-label" xlink:from="CumulativeEffectAtDateOfInitialApplicationAxis" xlink:to="label_CumulativeEffectAtDateOfInitialApplicationAxis" xlink:title="Label: CumulativeEffectAtDateOfInitialApplicationAxis to label_CumulativeEffectAtDateOfInitialApplicationAxis"/><link:loc xlink:type="locator" xlink:href="21380021ZMHVZYWRTO10-2021-12-31.xsd#ΜΖΚ_OpeningBalanceAfterAdjustmentCumulativeEffectAtDateOfInitialApplicationMember" xlink:label="OpeningBalanceAfterAdjustmentCumulativeEffectAtDateOfInitialApplicationMember" xlink:title="OpeningBalanceAfterAdjustmentCumulativeEffectAtDateOfInitialApplicationMember"/><link:label xlink:type="resource" xlink:label="label_OpeningBalanceAfterAdjustmentCumulativeEffectAtDateOfInitialApplicationMember" xlink:role="http://www.xbrl.org/2003/role/label" xlink:title="OpeningBalanceAfterAdjustmentCumulativeEffectAtDateOfInitialApplicationMember_Label" xml:lang="el">Υπόλοιπο εις νέον μετά την προσαρμογή, σωρευτικό αποτέλεσμα κατά την ημερομηνία αρχικής εφαρμογής [member]</link:label><link:labelArc xlink:type="arc" xlink:arcrole="http://www.xbrl.org/2003/arcrole/concept-label" xlink:from="OpeningBalanceAfterAdjustmentCumulativeEffectAtDateOfInitialApplicationMember" xlink:to="label_OpeningBalanceAfterAdjustmentCumulativeEffectAtDateOfInitialApplicationMember" xlink:title="Label: OpeningBalanceAfterAdjustmentCumulativeEffectAtDateOfInitialApplicationMember to label_OpeningBalanceAfterAdjustmentCumulativeEffectAtDateOfInitialApplicationMember"/><link:loc xlink:type="locator" xlink:href="21380021ZMHVZYWRTO10-2021-12-31.xsd#ΜΖΚ_IncreaseDecreaseDueToChangesInAccountingPolicyRequiredByIfrssCumulativeEffectAtDateOfInitialApplicationMember" xlink:label="IncreaseDecreaseDueToChangesInAccountingPolicyRequiredByIfrssCumulativeEffectAtDateOfInitialApplicationMember" xlink:title="IncreaseDecreaseDueToChangesInAccountingPolicyRequiredByIfrssCumulativeEffectAtDateOfInitialApplicationMember"/><link:label xlink:type="resource" xlink:label="label_IncreaseDecreaseDueToChangesInAccountingPolicyRequiredByIfrssCumulativeEffectAtDateOfInitialApplicationMember" xlink:role="http://www.xbrl.org/2003/role/label" xlink:title="IncreaseDecreaseDueToChangesInAccountingPolicyRequiredByIfrssCumulativeEffectAtDateOfInitialApplicationMember_Label" xml:lang="el">Αύξηση (μείωση) λόγω αλλαγών στη λογιστική πολιτική που απαιτούνται από τα ΔΠΧΑ, σωρευτικό αποτέλεσμα κατά την ημερομηνία αρχικής εφαρμογής [member]</link:label><link:labelArc xlink:type="arc" xlink:arcrole="http://www.xbrl.org/2003/arcrole/concept-label" xlink:from="IncreaseDecreaseDueToChangesInAccountingPolicyRequiredByIfrssCumulativeEffectAtDateOfInitialApplicationMember" xlink:to="label_IncreaseDecreaseDueToChangesInAccountingPolicyRequiredByIfrssCumulativeEffectAtDateOfInitialApplicationMember" xlink:title="Label: IncreaseDecreaseDueToChangesInAccountingPolicyRequiredByIfrssCumulativeEffectAtDateOfInitialApplicationMember to label_IncreaseDecreaseDueToChangesInAccountingPolicyRequiredByIfrssCumulativeEffectAtDateOfInitialApplicationMember"/><link:loc xlink:type="locator" xlink:href="21380021ZMHVZYWRTO10-2021-12-31.xsd#ΜΖΚ_Ias19Member" xlink:label="Ias19Member" xlink:title="Ias19Member"/><link:label xlink:type="resource" xlink:label="label_Ias19Member" xlink:role="http://www.xbrl.org/2003/role/label" xlink:title="Ias19Member_Label" xml:lang="el">ΔΛΠ 19 [member]</link:label><link:labelArc xlink:type="arc" xlink:arcrole="http://www.xbrl.org/2003/arcrole/concept-label" xlink:from="Ias19Member" xlink:to="label_Ias19Member" xlink:title="Label: Ias19Member to label_Ias19Member"/></link:labelLink></link:linkbase>